
-- ----------------------------
-- 请仅在下面的数据库链接中执行该脚本。
-- 主数据源 [localhost:3306/sdt_main]
-- ----------------------------

SET NAMES utf8mb4;
SET FOREIGN_KEY_CHECKS = 0;

-- ----------------------------
-- 全部菜单数据
-- ----------------------------
BEGIN;
INSERT INTO `sdt_sys_menu` VALUES(1326769584035860480,NULL,'系统管理',0,NULL,NULL,NULL,NULL,NULL,1,NULL,NULL,1326769583993917440,CURDATE(),1326769583993917440,CURDATE(),1);
INSERT INTO `sdt_sys_menu` VALUES(1326769584044249088,1326769584035860480,'用户管理',1,'formSysUser',NULL,NULL,NULL,NULL,100,NULL,NULL,1326769583993917440,CURDATE(),1326769583993917440,CURDATE(),1);
INSERT INTO `sdt_sys_menu` VALUES(1455562837739966773,1326769584044249088,'显示',3,NULL,NULL,NULL,NULL,NULL,1,NULL,NULL,1326769583993917440,CURDATE(),1326769583993917440,CURDATE(),1);
INSERT INTO `sdt_sys_menu` VALUES(1455562837739966774,1326769584044249088,'新增',3,NULL,NULL,NULL,NULL,NULL,2,NULL,NULL,1326769583993917440,CURDATE(),1326769583993917440,CURDATE(),1);
INSERT INTO `sdt_sys_menu` VALUES(1455562837739966775,1326769584044249088,'编辑',3,NULL,NULL,NULL,NULL,NULL,3,NULL,NULL,1326769583993917440,CURDATE(),1326769583993917440,CURDATE(),1);
INSERT INTO `sdt_sys_menu` VALUES(1455562837739966776,1326769584044249088,'删除',3,NULL,NULL,NULL,NULL,NULL,4,NULL,NULL,1326769583993917440,CURDATE(),1326769583993917440,CURDATE(),1);
INSERT INTO `sdt_sys_menu` VALUES(1455562837739966777,1326769584044249088,'重置密码',3,NULL,NULL,NULL,NULL,NULL,5,NULL,NULL,1326769583993917440,CURDATE(),1326769583993917440,CURDATE(),1);
INSERT INTO `sdt_sys_menu` VALUES(1455562837739966778,1326769584044249088,'权限详情',3,NULL,NULL,NULL,NULL,NULL,6,NULL,NULL,1326769583993917440,CURDATE(),1326769583993917440,CURDATE(),1);
INSERT INTO `sdt_sys_menu` VALUES(1326769584044249089,1326769584035860480,'角色管理',1,'formSysRole',NULL,NULL,NULL,NULL,110,NULL,NULL,1326769583993917440,CURDATE(),1326769583993917440,CURDATE(),1);
INSERT INTO `sdt_sys_menu` VALUES(1455562837739966787,1326769584044249089,'角色管理',2,NULL,NULL,NULL,NULL,NULL,1,NULL,NULL,1326769583993917440,CURDATE(),1326769583993917440,CURDATE(),1);
INSERT INTO `sdt_sys_menu` VALUES(1455562837739966788,1326769584044249089,'用户授权',2,NULL,NULL,NULL,NULL,NULL,2,NULL,NULL,1326769583993917440,CURDATE(),1326769583993917440,CURDATE(),1);
INSERT INTO `sdt_sys_menu` VALUES(1455562837739966789,1455562837739966787,'显示',3,NULL,NULL,NULL,NULL,NULL,1,NULL,NULL,1326769583993917440,CURDATE(),1326769583993917440,CURDATE(),1);
INSERT INTO `sdt_sys_menu` VALUES(1455562837739966790,1455562837739966787,'新增',3,NULL,NULL,NULL,NULL,NULL,2,NULL,NULL,1326769583993917440,CURDATE(),1326769583993917440,CURDATE(),1);
INSERT INTO `sdt_sys_menu` VALUES(1455562837739966791,1455562837739966787,'编辑',3,NULL,NULL,NULL,NULL,NULL,3,NULL,NULL,1326769583993917440,CURDATE(),1326769583993917440,CURDATE(),1);
INSERT INTO `sdt_sys_menu` VALUES(1455562837739966792,1455562837739966787,'删除',3,NULL,NULL,NULL,NULL,NULL,4,NULL,NULL,1326769583993917440,CURDATE(),1326769583993917440,CURDATE(),1);
INSERT INTO `sdt_sys_menu` VALUES(1455562837739966793,1455562837739966787,'权限详情',3,NULL,NULL,NULL,NULL,NULL,5,NULL,NULL,1326769583993917440,CURDATE(),1326769583993917440,CURDATE(),1);
INSERT INTO `sdt_sys_menu` VALUES(1455562837739966794,1455562837739966788,'显示',3,NULL,NULL,NULL,NULL,NULL,1,NULL,NULL,1326769583993917440,CURDATE(),1326769583993917440,CURDATE(),1);
INSERT INTO `sdt_sys_menu` VALUES(1455562837739966795,1455562837739966788,'授权用户',3,NULL,NULL,NULL,NULL,NULL,2,NULL,NULL,1326769583993917440,CURDATE(),1326769583993917440,CURDATE(),1);
INSERT INTO `sdt_sys_menu` VALUES(1455562837739966796,1455562837739966788,'移除用户',3,NULL,NULL,NULL,NULL,NULL,3,NULL,NULL,1326769583993917440,CURDATE(),1326769583993917440,CURDATE(),1);
INSERT INTO `sdt_sys_menu` VALUES(1326769584044249090,1326769584035860480,'菜单管理',1,'formSysMenu',NULL,NULL,NULL,NULL,120,NULL,NULL,1326769583993917440,CURDATE(),1326769583993917440,CURDATE(),1);
INSERT INTO `sdt_sys_menu` VALUES(1455562837744160769,1326769584044249090,'显示',3,NULL,NULL,NULL,NULL,NULL,1,NULL,NULL,1326769583993917440,CURDATE(),1326769583993917440,CURDATE(),1);
INSERT INTO `sdt_sys_menu` VALUES(1455562837744160770,1326769584044249090,'新增',3,NULL,NULL,NULL,NULL,NULL,2,NULL,NULL,1326769583993917440,CURDATE(),1326769583993917440,CURDATE(),1);
INSERT INTO `sdt_sys_menu` VALUES(1455562837744160771,1326769584044249090,'编辑',3,NULL,NULL,NULL,NULL,NULL,3,NULL,NULL,1326769583993917440,CURDATE(),1326769583993917440,CURDATE(),1);
INSERT INTO `sdt_sys_menu` VALUES(1455562837744160772,1326769584044249090,'删除',3,NULL,NULL,NULL,NULL,NULL,4,NULL,NULL,1326769583993917440,CURDATE(),1326769583993917440,CURDATE(),1);
INSERT INTO `sdt_sys_menu` VALUES(1455562837744160773,1326769584044249090,'权限详情',3,NULL,NULL,NULL,NULL,NULL,5,NULL,NULL,1326769583993917440,CURDATE(),1326769583993917440,CURDATE(),1);
INSERT INTO `sdt_sys_menu` VALUES(1326769584044249091,1326769584035860480,'权限字管理',1,'formSysPermCode',NULL,NULL,NULL,NULL,125,NULL,NULL,1326769583993917440,CURDATE(),1326769583993917440,CURDATE(),1);
INSERT INTO `sdt_sys_menu` VALUES(1455562837744160781,1326769584044249091,'显示',3,NULL,NULL,NULL,NULL,NULL,1,NULL,NULL,1326769583993917440,CURDATE(),1326769583993917440,CURDATE(),1);
INSERT INTO `sdt_sys_menu` VALUES(1455562837744160782,1326769584044249091,'新增',3,NULL,NULL,NULL,NULL,NULL,2,NULL,NULL,1326769583993917440,CURDATE(),1326769583993917440,CURDATE(),1);
INSERT INTO `sdt_sys_menu` VALUES(1455562837744160783,1326769584044249091,'编辑',3,NULL,NULL,NULL,NULL,NULL,3,NULL,NULL,1326769583993917440,CURDATE(),1326769583993917440,CURDATE(),1);
INSERT INTO `sdt_sys_menu` VALUES(1455562837744160784,1326769584044249091,'删除',3,NULL,NULL,NULL,NULL,NULL,4,NULL,NULL,1326769583993917440,CURDATE(),1326769583993917440,CURDATE(),1);
INSERT INTO `sdt_sys_menu` VALUES(1455562837744160785,1326769584044249091,'权限详情',3,NULL,NULL,NULL,NULL,NULL,5,NULL,NULL,1326769583993917440,CURDATE(),1326769583993917440,CURDATE(),1);
INSERT INTO `sdt_sys_menu` VALUES(1326769584044249092,1326769584035860480,'权限管理',1,'formSysPerm',NULL,NULL,NULL,NULL,130,NULL,NULL,1326769583993917440,CURDATE(),1326769583993917440,CURDATE(),1);
INSERT INTO `sdt_sys_menu` VALUES(1455562837744160793,1326769584044249092,'显示',3,NULL,NULL,NULL,NULL,NULL,1,NULL,NULL,1326769583993917440,CURDATE(),1326769583993917440,CURDATE(),1);
INSERT INTO `sdt_sys_menu` VALUES(1455562837744160794,1326769584044249092,'新增模块',3,NULL,NULL,NULL,NULL,NULL,2,NULL,NULL,1326769583993917440,CURDATE(),1326769583993917440,CURDATE(),1);
INSERT INTO `sdt_sys_menu` VALUES(1455562837744160795,1326769584044249092,'编辑模块',3,NULL,NULL,NULL,NULL,NULL,3,NULL,NULL,1326769583993917440,CURDATE(),1326769583993917440,CURDATE(),1);
INSERT INTO `sdt_sys_menu` VALUES(1455562837744160796,1326769584044249092,'删除模块',3,NULL,NULL,NULL,NULL,NULL,4,NULL,NULL,1326769583993917440,CURDATE(),1326769583993917440,CURDATE(),1);
INSERT INTO `sdt_sys_menu` VALUES(1455562837744160797,1326769584044249092,'新增权限',3,NULL,NULL,NULL,NULL,NULL,5,NULL,NULL,1326769583993917440,CURDATE(),1326769583993917440,CURDATE(),1);
INSERT INTO `sdt_sys_menu` VALUES(1455562837744160798,1326769584044249092,'编辑权限',3,NULL,NULL,NULL,NULL,NULL,6,NULL,NULL,1326769583993917440,CURDATE(),1326769583993917440,CURDATE(),1);
INSERT INTO `sdt_sys_menu` VALUES(1455562837744160799,1326769584044249092,'删除权限',3,NULL,NULL,NULL,NULL,NULL,7,NULL,NULL,1326769583993917440,CURDATE(),1326769583993917440,CURDATE(),1);
INSERT INTO `sdt_sys_menu` VALUES(1455562837744160800,1326769584044249092,'权限详情',3,NULL,NULL,NULL,NULL,NULL,8,NULL,NULL,1326769583993917440,CURDATE(),1326769583993917440,CURDATE(),1);
INSERT INTO `sdt_sys_menu` VALUES(1326769584044249093,1326769584035860480,'字典管理',1,'formSysDict',NULL,NULL,NULL,NULL,135,NULL,NULL,1326769583993917440,CURDATE(),1326769583993917440,CURDATE(),1);
INSERT INTO `sdt_sys_menu` VALUES(1455562837744160811,1326769584044249093,'显示',3,NULL,NULL,NULL,NULL,NULL,1,NULL,NULL,1326769583993917440,CURDATE(),1326769583993917440,CURDATE(),1);
INSERT INTO `sdt_sys_menu` VALUES(1455562837744160812,1326769584044249093,'新增',3,NULL,NULL,NULL,NULL,NULL,2,NULL,NULL,1326769583993917440,CURDATE(),1326769583993917440,CURDATE(),1);
INSERT INTO `sdt_sys_menu` VALUES(1455562837744160813,1326769584044249093,'编辑',3,NULL,NULL,NULL,NULL,NULL,3,NULL,NULL,1326769583993917440,CURDATE(),1326769583993917440,CURDATE(),1);
INSERT INTO `sdt_sys_menu` VALUES(1455562837744160814,1326769584044249093,'删除',3,NULL,NULL,NULL,NULL,NULL,4,NULL,NULL,1326769583993917440,CURDATE(),1326769583993917440,CURDATE(),1);
INSERT INTO `sdt_sys_menu` VALUES(1455562837744160815,1326769584044249093,'同步缓存',3,NULL,NULL,NULL,NULL,NULL,5,NULL,NULL,1326769583993917440,CURDATE(),1326769583993917440,CURDATE(),1);
INSERT INTO `sdt_sys_menu` VALUES(1326932301711413248,NULL,'用户管理',0,NULL,NULL,NULL,NULL,NULL,2,NULL,NULL,1326769583993917440,CURDATE(),1326769583993917440,CURDATE(),1);
INSERT INTO `sdt_sys_menu` VALUES(1326943267928936448,1326769584035860480,'部门管理',1,'formSysDept',NULL,NULL,NULL,NULL,105,NULL,NULL,1326769583993917440,CURDATE(),1326769583993917440,CURDATE(),1);
INSERT INTO `sdt_sys_menu` VALUES(1455562837744160824,1326943267928936448,'显示',3,NULL,NULL,NULL,NULL,NULL,1,NULL,NULL,1326769583993917440,CURDATE(),1326769583993917440,CURDATE(),1);
INSERT INTO `sdt_sys_menu` VALUES(1455562837744160825,1326943267928936448,'新增',3,NULL,NULL,NULL,NULL,NULL,2,NULL,NULL,1326769583993917440,CURDATE(),1326769583993917440,CURDATE(),1);
INSERT INTO `sdt_sys_menu` VALUES(1455562837744160826,1326943267928936448,'编辑',3,NULL,NULL,NULL,NULL,NULL,3,NULL,NULL,1326769583993917440,CURDATE(),1326769583993917440,CURDATE(),1);
INSERT INTO `sdt_sys_menu` VALUES(1455562837744160827,1326943267928936448,'删除',3,NULL,NULL,NULL,NULL,NULL,4,NULL,NULL,1326769583993917440,CURDATE(),1326769583993917440,CURDATE(),1);
INSERT INTO `sdt_sys_menu` VALUES(1586348496418508806,1326943267928936448,'设置岗位',3,NULL,NULL,NULL,NULL,NULL,5,NULL,NULL,1326769583993917440,CURDATE(),1326769583993917440,CURDATE(),1);
INSERT INTO `sdt_sys_menu` VALUES(1586348496418508807,1326943267928936448,'查看岗位',3,NULL,NULL,NULL,NULL,NULL,6,NULL,NULL,1326769583993917440,CURDATE(),1326769583993917440,CURDATE(),1);
INSERT INTO `sdt_sys_menu` VALUES(1327103258908430336,NULL,'计量管理',0,NULL,NULL,NULL,NULL,NULL,3,NULL,NULL,1326769583993917440,CURDATE(),1326769583993917440,CURDATE(),1);
INSERT INTO `sdt_sys_menu` VALUES(1327103347848646656,1327103258908430336,'基础设置',0,NULL,NULL,NULL,NULL,NULL,1,NULL,NULL,1326769583993917440,CURDATE(),1326769583993917440,CURDATE(),1);
INSERT INTO `sdt_sys_menu` VALUES(1327103394837434368,1327103258908430336,'台账管理',1,NULL,NULL,NULL,NULL,NULL,2,NULL,NULL,1326769583993917440,CURDATE(),1326769583993917440,CURDATE(),1);
INSERT INTO `sdt_sys_menu` VALUES(1327103454857924608,1327103258908430336,'周期检校',0,'PeriodicManagement',NULL,NULL,NULL,NULL,3,NULL,NULL,1326769583993917440,CURDATE(),1326769583993917440,CURDATE(),1);
INSERT INTO `sdt_sys_menu` VALUES(1327103549577891840,1327103347848646656,'ABC分类管理',1,NULL,NULL,NULL,NULL,NULL,1,NULL,NULL,1326769583993917440,CURDATE(),1326769583993917440,CURDATE(),1);
INSERT INTO `sdt_sys_menu` VALUES(1327103603046879232,1327103347848646656,'周期管理',1,NULL,NULL,NULL,NULL,NULL,2,NULL,NULL,1326769583993917440,CURDATE(),1326769583993917440,CURDATE(),1);
INSERT INTO `sdt_sys_menu` VALUES(1327103690254848000,1327103347848646656,'性质分类管理',1,NULL,NULL,NULL,NULL,NULL,3,NULL,NULL,1326769583993917440,CURDATE(),1326769583993917440,CURDATE(),1);
INSERT INTO `sdt_sys_menu` VALUES(1346531906270793728,1327103454857924608,'检校计划管理',1,NULL,NULL,NULL,NULL,NULL,1,NULL,NULL,1326769583993917440,CURDATE(),1326769583993917440,CURDATE(),1);
INSERT INTO `sdt_sys_menu` VALUES(1346532065973112832,1327103454857924608,'检校记录管理',1,NULL,NULL,NULL,NULL,NULL,2,NULL,NULL,1326769583993917440,CURDATE(),1326769583993917440,CURDATE(),1);
INSERT INTO `sdt_sys_menu` VALUES(1346532146386309120,1327103454857924608,'检校证书管理',1,NULL,NULL,NULL,NULL,NULL,3,NULL,NULL,1326769583993917440,CURDATE(),1326769583993917440,CURDATE(),1);
INSERT INTO `sdt_sys_menu` VALUES(1346532254414802944,1327103258908430336,'入库检验',0,NULL,NULL,NULL,NULL,NULL,4,NULL,NULL,1326769583993917440,CURDATE(),1326769583993917440,CURDATE(),1);
INSERT INTO `sdt_sys_menu` VALUES(1346532451454816256,1346532254414802944,'检验计划管理',1,NULL,NULL,NULL,NULL,NULL,1,NULL,NULL,1326769583993917440,CURDATE(),1326769583993917440,CURDATE(),1);
INSERT INTO `sdt_sys_menu` VALUES(1346532621189910528,1327103258908430336,'计量监管',0,NULL,NULL,NULL,NULL,NULL,5,NULL,NULL,1326769583993917440,CURDATE(),1326769583993917440,CURDATE(),1);
INSERT INTO `sdt_sys_menu` VALUES(1346532736705236992,1346532621189910528,'巡查记录管理',1,NULL,NULL,NULL,NULL,NULL,1,NULL,NULL,1326769583993917440,CURDATE(),1326769583993917440,CURDATE(),1);
INSERT INTO `sdt_sys_menu` VALUES(1346532855307571200,1346532621189910528,'期间核查记录管理',1,NULL,NULL,NULL,NULL,NULL,2,NULL,NULL,1326769583993917440,CURDATE(),1326769583993917440,CURDATE(),1);
INSERT INTO `sdt_sys_menu` VALUES(1346532932952526848,1327103258908430336,'档案管理',0,NULL,NULL,NULL,NULL,NULL,6,NULL,NULL,1326769583993917440,CURDATE(),1326769583993917440,CURDATE(),1);
INSERT INTO `sdt_sys_menu` VALUES(1346533030977605632,1346532932952526848,'量传依据管理',1,NULL,NULL,NULL,NULL,NULL,1,NULL,NULL,1326769583993917440,CURDATE(),1326769583993917440,CURDATE(),1);
INSERT INTO `sdt_sys_menu` VALUES(1346533116151336960,1346532932952526848,'法律法规管理',1,NULL,NULL,NULL,NULL,NULL,2,NULL,NULL,1326769583993917440,CURDATE(),1326769583993917440,CURDATE(),1);
INSERT INTO `sdt_sys_menu` VALUES(1346533230962020352,1346532932952526848,'管理标准管理',1,NULL,NULL,NULL,NULL,NULL,3,NULL,NULL,1326769583993917440,CURDATE(),1326769583993917440,CURDATE(),1);
INSERT INTO `sdt_sys_menu` VALUES(1346533378710573056,1346532932952526848,'标准考核证书管理',1,NULL,NULL,NULL,NULL,NULL,4,NULL,NULL,1326769583993917440,CURDATE(),1326769583993917440,CURDATE(),1);
INSERT INTO `sdt_sys_menu` VALUES(1346533473032081408,1346532932952526848,'人员信息管理',1,NULL,NULL,NULL,NULL,NULL,5,NULL,NULL,1326769583993917440,CURDATE(),1326769583993917440,CURDATE(),1);
INSERT INTO `sdt_sys_menu` VALUES(1381237024966578176,1326769584035860480,'操作日志',1,'formSysOperationLog',NULL,NULL,NULL,NULL,140,NULL,NULL,1326769583993917440,CURDATE(),1326769583993917440,CURDATE(),1);
INSERT INTO `sdt_sys_menu` VALUES(1455562837744160855,1381237024966578176,'显示',3,NULL,NULL,NULL,NULL,NULL,1,NULL,NULL,1326769583993917440,CURDATE(),1326769583993917440,CURDATE(),1);
INSERT INTO `sdt_sys_menu` VALUES(1381237024966578177,1326769584035860480,'在线用户',1,'formSysLoginUser',NULL,NULL,NULL,NULL,145,NULL,NULL,1326769583993917440,CURDATE(),1326769583993917440,CURDATE(),1);
INSERT INTO `sdt_sys_menu` VALUES(1455562837752549377,1381237024966578177,'显示',3,NULL,NULL,NULL,NULL,NULL,1,NULL,NULL,1326769583993917440,CURDATE(),1326769583993917440,CURDATE(),1);
INSERT INTO `sdt_sys_menu` VALUES(1455562837752549378,1381237024966578177,'强制下线',3,NULL,NULL,NULL,NULL,NULL,2,NULL,NULL,1326769583993917440,CURDATE(),1326769583993917440,CURDATE(),1);
INSERT INTO `sdt_sys_menu` VALUES(1585534727777947648,1326769584035860480,'数据权限管理',1,'formSysDataPerm',NULL,NULL,NULL,NULL,115,NULL,NULL,1326769583993917440,CURDATE(),1326769583993917440,CURDATE(),1);
INSERT INTO `sdt_sys_menu` VALUES(1586348496422703113,1585534727777947648,'数据权限管理',2,NULL,NULL,NULL,NULL,NULL,1,NULL,NULL,1326769583993917440,CURDATE(),1326769583993917440,CURDATE(),1);
INSERT INTO `sdt_sys_menu` VALUES(1586348496422703114,1585534727777947648,'用户授权',2,NULL,NULL,NULL,NULL,NULL,2,NULL,NULL,1326769583993917440,CURDATE(),1326769583993917440,CURDATE(),1);
INSERT INTO `sdt_sys_menu` VALUES(1586348496422703115,1586348496422703113,'显示',3,NULL,NULL,NULL,NULL,NULL,1,NULL,NULL,1326769583993917440,CURDATE(),1326769583993917440,CURDATE(),1);
INSERT INTO `sdt_sys_menu` VALUES(1586348496422703116,1586348496422703113,'新增',3,NULL,NULL,NULL,NULL,NULL,2,NULL,NULL,1326769583993917440,CURDATE(),1326769583993917440,CURDATE(),1);
INSERT INTO `sdt_sys_menu` VALUES(1586348496422703117,1586348496422703113,'编辑',3,NULL,NULL,NULL,NULL,NULL,3,NULL,NULL,1326769583993917440,CURDATE(),1326769583993917440,CURDATE(),1);
INSERT INTO `sdt_sys_menu` VALUES(1586348496422703118,1586348496422703113,'删除',3,NULL,NULL,NULL,NULL,NULL,4,NULL,NULL,1326769583993917440,CURDATE(),1326769583993917440,CURDATE(),1);
INSERT INTO `sdt_sys_menu` VALUES(1586348496422703119,1586348496422703114,'显示',3,NULL,NULL,NULL,NULL,NULL,1,NULL,NULL,1326769583993917440,CURDATE(),1326769583993917440,CURDATE(),1);
INSERT INTO `sdt_sys_menu` VALUES(1586348496422703120,1586348496422703114,'授权用户',3,NULL,NULL,NULL,NULL,NULL,2,NULL,NULL,1326769583993917440,CURDATE(),1326769583993917440,CURDATE(),1);
INSERT INTO `sdt_sys_menu` VALUES(1586348496422703121,1586348496422703114,'移除用户',3,NULL,NULL,NULL,NULL,NULL,3,NULL,NULL,1326769583993917440,CURDATE(),1326769583993917440,CURDATE(),1);
INSERT INTO `sdt_sys_menu` VALUES(1585534727782141952,1326769584035860480,'岗位管理',1,'formSysPost',NULL,NULL,NULL,NULL,106,NULL,NULL,1326769583993917440,CURDATE(),1326769583993917440,CURDATE(),1);
INSERT INTO `sdt_sys_menu` VALUES(1586348496426897411,1585534727782141952,'岗位管理',2,NULL,NULL,NULL,NULL,NULL,1,NULL,NULL,1326769583993917440,CURDATE(),1326769583993917440,CURDATE(),1);
INSERT INTO `sdt_sys_menu` VALUES(1586348496426897412,1586348496426897411,'显示',3,NULL,NULL,NULL,NULL,NULL,1,NULL,NULL,1326769583993917440,CURDATE(),1326769583993917440,CURDATE(),1);
INSERT INTO `sdt_sys_menu` VALUES(1586348496426897413,1586348496426897411,'新增',3,NULL,NULL,NULL,NULL,NULL,2,NULL,NULL,1326769583993917440,CURDATE(),1326769583993917440,CURDATE(),1);
INSERT INTO `sdt_sys_menu` VALUES(1586348496426897414,1586348496426897411,'编辑',3,NULL,NULL,NULL,NULL,NULL,3,NULL,NULL,1326769583993917440,CURDATE(),1326769583993917440,CURDATE(),1);
INSERT INTO `sdt_sys_menu` VALUES(1586348496426897415,1586348496426897411,'删除',3,NULL,NULL,NULL,NULL,NULL,4,NULL,NULL,1326769583993917440,CURDATE(),1326769583993917440,CURDATE(),1);
COMMIT;

-- ----------------------------
-- 全部权限字数据
-- ----------------------------
BEGIN;
INSERT INTO `sdt_sys_perm_code` VALUES(1455562837744160774,NULL,'formSysMenu',0,'菜单管理',10600,1326769583993917440,CURDATE(),1326769583993917440,CURDATE(),1);
INSERT INTO `sdt_sys_perm_code` VALUES(1455562837744160779,1455562837744160775,'formSysMenu:fragmentSysMenu:listSysMenuPermDetail',2,'权限详情',4,1326769583993917440,CURDATE(),1326769583993917440,CURDATE(),1);
INSERT INTO `sdt_sys_perm_code` VALUES(1586348496422703124,1586348496422703122,'formSysDataPerm:fragmentSysDataPermUser',1,'用户授权',2,1326769583993917440,CURDATE(),1326769583993917440,CURDATE(),1);
INSERT INTO `sdt_sys_perm_code` VALUES(1455562837739966785,1455562837739966780,'formSysUser:fragmentSysUser:listSysUserPermDetail',2,'权限详情',5,1326769583993917440,CURDATE(),1326769583993917440,CURDATE(),1);
INSERT INTO `sdt_sys_perm_code` VALUES(1455562837739966802,1455562837739966798,'formSysRole:fragmentSysRole:delete',2,'删除',3,1326769583993917440,CURDATE(),1326769583993917440,CURDATE(),1);
INSERT INTO `sdt_sys_perm_code` VALUES(1455562837744160786,NULL,'formSysPermCode',0,'权限字管理',10700,1326769583993917440,CURDATE(),1326769583993917440,CURDATE(),1);
INSERT INTO `sdt_sys_perm_code` VALUES(1455562837739966804,1455562837739966799,'formSysRole:fragmentSysRoleUser:addUserRole',2,'授权用户',1,1326769583993917440,CURDATE(),1326769583993917440,CURDATE(),1);
INSERT INTO `sdt_sys_perm_code` VALUES(1455562837744160801,NULL,'formSysPerm',0,'权限管理',10800,1326769583993917440,CURDATE(),1326769583993917440,CURDATE(),1);
INSERT INTO `sdt_sys_perm_code` VALUES(1455562837744160804,1455562837744160802,'formSysPerm:fragmentSysPerm:updatePermModule',2,'编辑模块',2,1326769583993917440,CURDATE(),1326769583993917440,CURDATE(),1);
INSERT INTO `sdt_sys_perm_code` VALUES(1455562837739966797,NULL,'formSysRole',0,'角色管理',10200,1326769583993917440,CURDATE(),1326769583993917440,CURDATE(),1);
INSERT INTO `sdt_sys_perm_code` VALUES(1586348496426897409,1586348496422703124,'formSysDataPerm:fragmentSysDataPermUser:deleteDataPermUser',2,'移除用户',2,1326769583993917440,CURDATE(),1326769583993917440,CURDATE(),1);
INSERT INTO `sdt_sys_perm_code` VALUES(1455562837744160787,1455562837744160786,'formSysPermCode:fragmentSysPermCode',1,'权限字管理',1,1326769583993917440,CURDATE(),1326769583993917440,CURDATE(),1);
INSERT INTO `sdt_sys_perm_code` VALUES(1586348496418508814,1455562837744160829,'formSysDept:fragmentSysDept:viewPost',2,'查看岗位',5,1326769583993917440,CURDATE(),1326769583993917440,CURDATE(),1);
INSERT INTO `sdt_sys_perm_code` VALUES(1455562837752549379,NULL,'formSysLoginUser',0,'在线用户',11200,1326769583993917440,CURDATE(),1326769583993917440,CURDATE(),1);
INSERT INTO `sdt_sys_perm_code` VALUES(1455562837744160818,1455562837744160817,'formSysDict:fragmentSysDict:add',2,'新增',1,1326769583993917440,CURDATE(),1326769583993917440,CURDATE(),1);
INSERT INTO `sdt_sys_perm_code` VALUES(1455562837744160820,1455562837744160817,'formSysDict:fragmentSysDict:delete',2,'删除',3,1326769583993917440,CURDATE(),1326769583993917440,CURDATE(),1);
INSERT INTO `sdt_sys_perm_code` VALUES(1586348496418508813,1455562837744160829,'formSysDept:fragmentSysDept:editPost',2,'设置岗位',4,1326769583993917440,CURDATE(),1326769583993917440,CURDATE(),1);
INSERT INTO `sdt_sys_perm_code` VALUES(1455562837739966781,1455562837739966780,'formSysUser:fragmentSysUser:add',2,'新增',1,1326769583993917440,CURDATE(),1326769583993917440,CURDATE(),1);
INSERT INTO `sdt_sys_perm_code` VALUES(1455562837744160828,NULL,'formSysDept',0,'部门管理',10100,1326769583993917440,CURDATE(),1326769583993917440,CURDATE(),1);
INSERT INTO `sdt_sys_perm_code` VALUES(1586348496426897417,1586348496426897416,'formSysPost:fragmentSysPost',1,'岗位管理',1,1326769583993917440,CURDATE(),1326769583993917440,CURDATE(),1);
INSERT INTO `sdt_sys_perm_code` VALUES(1455562837744160821,1455562837744160817,'formSysDict:fragmentSysDict:reloadCache',2,'同步缓存',4,1326769583993917440,CURDATE(),1326769583993917440,CURDATE(),1);
INSERT INTO `sdt_sys_perm_code` VALUES(1455562837744160788,1455562837744160787,'formSysPermCode:fragmentSysPermCode:add',2,'新增',1,1326769583993917440,CURDATE(),1326769583993917440,CURDATE(),1);
INSERT INTO `sdt_sys_perm_code` VALUES(1455562837739966779,NULL,'formSysUser',0,'用户管理',10000,1326769583993917440,CURDATE(),1326769583993917440,CURDATE(),1);
INSERT INTO `sdt_sys_perm_code` VALUES(1586348496422703126,1586348496422703123,'formSysDataPerm:fragmentSysDataPerm:update',2,'编辑',2,1326769583993917440,CURDATE(),1326769583993917440,CURDATE(),1);
INSERT INTO `sdt_sys_perm_code` VALUES(1455562837744160808,1455562837744160802,'formSysPerm:fragmentSysPerm:deletePerm',2,'删除权限',6,1326769583993917440,CURDATE(),1326769583993917440,CURDATE(),1);
INSERT INTO `sdt_sys_perm_code` VALUES(1455562837744160789,1455562837744160787,'formSysPermCode:fragmentSysPermCode:update',2,'编辑',2,1326769583993917440,CURDATE(),1326769583993917440,CURDATE(),1);
INSERT INTO `sdt_sys_perm_code` VALUES(1586348496426897419,1586348496426897417,'formSysPost:fragmentSysPost:update',2,'编辑',2,1326769583993917440,CURDATE(),1326769583993917440,CURDATE(),1);
INSERT INTO `sdt_sys_perm_code` VALUES(1455562837744160832,1455562837744160829,'formSysDept:fragmentSysDept:delete',2,'删除',3,1326769583993917440,CURDATE(),1326769583993917440,CURDATE(),1);
INSERT INTO `sdt_sys_perm_code` VALUES(1586348496426897416,NULL,'formSysPost',0,'岗位管理',10150,1326769583993917440,CURDATE(),1326769583993917440,CURDATE(),1);
INSERT INTO `sdt_sys_perm_code` VALUES(1455562837739966798,1455562837739966797,'formSysRole:fragmentSysRole',1,'角色管理',1,1326769583993917440,CURDATE(),1326769583993917440,CURDATE(),1);
INSERT INTO `sdt_sys_perm_code` VALUES(1455562837744160807,1455562837744160802,'formSysPerm:fragmentSysPerm:updatePerm',2,'编辑权限',5,1326769583993917440,CURDATE(),1326769583993917440,CURDATE(),1);
INSERT INTO `sdt_sys_perm_code` VALUES(1586348496422703127,1586348496422703123,'formSysDataPerm:fragmentSysDataPerm:delete',2,'删除',3,1326769583993917440,CURDATE(),1326769583993917440,CURDATE(),1);
INSERT INTO `sdt_sys_perm_code` VALUES(1455562837744160803,1455562837744160802,'formSysPerm:fragmentSysPerm:addPermModule',2,'新增模块',1,1326769583993917440,CURDATE(),1326769583993917440,CURDATE(),1);
INSERT INTO `sdt_sys_perm_code` VALUES(1586348496422703125,1586348496422703123,'formSysDataPerm:fragmentSysDataPerm:add',2,'新增',1,1326769583993917440,CURDATE(),1326769583993917440,CURDATE(),1);
INSERT INTO `sdt_sys_perm_code` VALUES(1455562837752549381,1455562837752549380,'formSysLoginUser:fragmentLoginUser:delete',2,'强制下线',1,1326769583993917440,CURDATE(),1326769583993917440,CURDATE(),1);
INSERT INTO `sdt_sys_perm_code` VALUES(1455562837744160856,NULL,'formSysOperationLog',0,'操作日志',11100,1326769583993917440,CURDATE(),1326769583993917440,CURDATE(),1);
INSERT INTO `sdt_sys_perm_code` VALUES(1455562837739966780,1455562837739966779,'formSysUser:fragmentSysUser',1,'用户管理',1,1326769583993917440,CURDATE(),1326769583993917440,CURDATE(),1);
INSERT INTO `sdt_sys_perm_code` VALUES(1455562837744160791,1455562837744160787,'formSysPermCode:fragmentSysPermCode:listSysPermCodePermDetail',2,'权限详情',4,1326769583993917440,CURDATE(),1326769583993917440,CURDATE(),1);
INSERT INTO `sdt_sys_perm_code` VALUES(1455562837744160778,1455562837744160775,'formSysMenu:fragmentSysMenu:delete',2,'删除',3,1326769583993917440,CURDATE(),1326769583993917440,CURDATE(),1);
INSERT INTO `sdt_sys_perm_code` VALUES(1455562837739966805,1455562837739966799,'formSysRole:fragmentSysRoleUser:deleteUserRole',2,'移除用户',2,1326769583993917440,CURDATE(),1326769583993917440,CURDATE(),1);
INSERT INTO `sdt_sys_perm_code` VALUES(1455562837744160817,1455562837744160816,'formSysDict:fragmentSysDict',1,'字典管理',1,1326769583993917440,CURDATE(),1326769583993917440,CURDATE(),1);
INSERT INTO `sdt_sys_perm_code` VALUES(1455562837739966782,1455562837739966780,'formSysUser:fragmentSysUser:update',2,'编辑',2,1326769583993917440,CURDATE(),1326769583993917440,CURDATE(),1);
INSERT INTO `sdt_sys_perm_code` VALUES(1586348496422703123,1586348496422703122,'formSysDataPerm:fragmentSysDataPerm',1,'数据权限管理',1,1326769583993917440,CURDATE(),1326769583993917440,CURDATE(),1);
INSERT INTO `sdt_sys_perm_code` VALUES(1455562837739966784,1455562837739966780,'formSysUser:fragmentSysUser:resetPassword',2,'重置密码',4,1326769583993917440,CURDATE(),1326769583993917440,CURDATE(),1);
INSERT INTO `sdt_sys_perm_code` VALUES(1455562837744160816,NULL,'formSysDict',0,'字典管理',10900,1326769583993917440,CURDATE(),1326769583993917440,CURDATE(),1);
INSERT INTO `sdt_sys_perm_code` VALUES(1455562837744160777,1455562837744160775,'formSysMenu:fragmentSysMenu:update',2,'编辑',2,1326769583993917440,CURDATE(),1326769583993917440,CURDATE(),1);
INSERT INTO `sdt_sys_perm_code` VALUES(1455562837744160806,1455562837744160802,'formSysPerm:fragmentSysPerm:addPerm',2,'新增权限',4,1326769583993917440,CURDATE(),1326769583993917440,CURDATE(),1);
INSERT INTO `sdt_sys_perm_code` VALUES(1455562837739966783,1455562837739966780,'formSysUser:fragmentSysUser:delete',2,'删除',3,1326769583993917440,CURDATE(),1326769583993917440,CURDATE(),1);
INSERT INTO `sdt_sys_perm_code` VALUES(1455562837744160775,1455562837744160774,'formSysMenu:fragmentSysMenu',1,'菜单管理',1,1326769583993917440,CURDATE(),1326769583993917440,CURDATE(),1);
INSERT INTO `sdt_sys_perm_code` VALUES(1455562837744160819,1455562837744160817,'formSysDict:fragmentSysDict:update',2,'编辑',2,1326769583993917440,CURDATE(),1326769583993917440,CURDATE(),1);
INSERT INTO `sdt_sys_perm_code` VALUES(1586348496426897418,1586348496426897417,'formSysPost:fragmentSysPost:add',2,'新增',1,1326769583993917440,CURDATE(),1326769583993917440,CURDATE(),1);
INSERT INTO `sdt_sys_perm_code` VALUES(1455562837744160802,1455562837744160801,'formSysPerm:fragmentSysPerm',1,'权限管理',1,1326769583993917440,CURDATE(),1326769583993917440,CURDATE(),1);
INSERT INTO `sdt_sys_perm_code` VALUES(1455562837744160830,1455562837744160829,'formSysDept:fragmentSysDept:add',2,'新增',1,1326769583993917440,CURDATE(),1326769583993917440,CURDATE(),1);
INSERT INTO `sdt_sys_perm_code` VALUES(1455562837739966799,1455562837739966797,'formSysRole:fragmentSysRoleUser',1,'用户授权',2,1326769583993917440,CURDATE(),1326769583993917440,CURDATE(),1);
INSERT INTO `sdt_sys_perm_code` VALUES(1455562837739966800,1455562837739966798,'formSysRole:fragmentSysRole:add',2,'新增',1,1326769583993917440,CURDATE(),1326769583993917440,CURDATE(),1);
INSERT INTO `sdt_sys_perm_code` VALUES(1455562837744160831,1455562837744160829,'formSysDept:fragmentSysDept:update',2,'编辑',2,1326769583993917440,CURDATE(),1326769583993917440,CURDATE(),1);
INSERT INTO `sdt_sys_perm_code` VALUES(1455562837744160805,1455562837744160802,'formSysPerm:fragmentSysPerm:deletePermModule',2,'删除模块',3,1326769583993917440,CURDATE(),1326769583993917440,CURDATE(),1);
INSERT INTO `sdt_sys_perm_code` VALUES(1455562837744160809,1455562837744160802,'formSysPerm:fragmentSysPerm:listSysPermPermDetail',2,'权限详情',7,1326769583993917440,CURDATE(),1326769583993917440,CURDATE(),1);
INSERT INTO `sdt_sys_perm_code` VALUES(1586348496426897420,1586348496426897417,'formSysPost:fragmentSysPost:delete',2,'删除',3,1326769583993917440,CURDATE(),1326769583993917440,CURDATE(),1);
INSERT INTO `sdt_sys_perm_code` VALUES(1586348496422703122,NULL,'formSysDataPerm',0,'数据权限管理',10400,1326769583993917440,CURDATE(),1326769583993917440,CURDATE(),1);
INSERT INTO `sdt_sys_perm_code` VALUES(1455562837739966801,1455562837739966798,'formSysRole:fragmentSysRole:update',2,'编辑',2,1326769583993917440,CURDATE(),1326769583993917440,CURDATE(),1);
INSERT INTO `sdt_sys_perm_code` VALUES(1586348496426897408,1586348496422703124,'formSysDataPerm:fragmentSysDataPermUser:addDataPermUser',2,'授权用户',1,1326769583993917440,CURDATE(),1326769583993917440,CURDATE(),1);
INSERT INTO `sdt_sys_perm_code` VALUES(1455562837739966803,1455562837739966798,'formSysRole:fragmentSysRole:listSysRolePermDetail',2,'权限详情',4,1326769583993917440,CURDATE(),1326769583993917440,CURDATE(),1);
INSERT INTO `sdt_sys_perm_code` VALUES(1455562837744160776,1455562837744160775,'formSysMenu:fragmentSysMenu:add',2,'新增',1,1326769583993917440,CURDATE(),1326769583993917440,CURDATE(),1);
INSERT INTO `sdt_sys_perm_code` VALUES(1455562837744160790,1455562837744160787,'formSysPermCode:fragmentSysPermCode:delete',2,'删除',3,1326769583993917440,CURDATE(),1326769583993917440,CURDATE(),1);
INSERT INTO `sdt_sys_perm_code` VALUES(1455562837744160857,1455562837744160856,'formSysOperationLog:fragmentSysOperationLog',1,'操作日志',1,1326769583993917440,CURDATE(),1326769583993917440,CURDATE(),1);
INSERT INTO `sdt_sys_perm_code` VALUES(1455562837744160829,1455562837744160828,'formSysDept:fragmentSysDept',1,'部门管理',1,1326769583993917440,CURDATE(),1326769583993917440,CURDATE(),1);
INSERT INTO `sdt_sys_perm_code` VALUES(1455562837752549380,1455562837752549379,'formSysLoginUser:fragmentLoginUser',1,'在线用户',1,1326769583993917440,CURDATE(),1326769583993917440,CURDATE(),1);
COMMIT;

-- ----------------------------
-- 全部菜单和权限字关系数据
-- ----------------------------
BEGIN;
INSERT INTO `sdt_sys_menu_perm_code` VALUES(1455562837739966773,1455562837739966780);
INSERT INTO `sdt_sys_menu_perm_code` VALUES(1455562837739966774,1455562837739966781);
INSERT INTO `sdt_sys_menu_perm_code` VALUES(1455562837739966775,1455562837739966782);
INSERT INTO `sdt_sys_menu_perm_code` VALUES(1455562837739966776,1455562837739966783);
INSERT INTO `sdt_sys_menu_perm_code` VALUES(1455562837739966777,1455562837739966784);
INSERT INTO `sdt_sys_menu_perm_code` VALUES(1455562837739966778,1455562837739966785);
INSERT INTO `sdt_sys_menu_perm_code` VALUES(1455562837739966789,1455562837739966798);
INSERT INTO `sdt_sys_menu_perm_code` VALUES(1455562837739966794,1455562837739966799);
INSERT INTO `sdt_sys_menu_perm_code` VALUES(1455562837739966790,1455562837739966800);
INSERT INTO `sdt_sys_menu_perm_code` VALUES(1455562837739966791,1455562837739966801);
INSERT INTO `sdt_sys_menu_perm_code` VALUES(1455562837739966792,1455562837739966802);
INSERT INTO `sdt_sys_menu_perm_code` VALUES(1455562837739966795,1455562837739966804);
INSERT INTO `sdt_sys_menu_perm_code` VALUES(1455562837739966796,1455562837739966805);
INSERT INTO `sdt_sys_menu_perm_code` VALUES(1455562837739966793,1455562837739966803);
INSERT INTO `sdt_sys_menu_perm_code` VALUES(1455562837744160769,1455562837744160775);
INSERT INTO `sdt_sys_menu_perm_code` VALUES(1455562837744160770,1455562837744160776);
INSERT INTO `sdt_sys_menu_perm_code` VALUES(1455562837744160771,1455562837744160777);
INSERT INTO `sdt_sys_menu_perm_code` VALUES(1455562837744160772,1455562837744160778);
INSERT INTO `sdt_sys_menu_perm_code` VALUES(1455562837744160773,1455562837744160779);
INSERT INTO `sdt_sys_menu_perm_code` VALUES(1455562837744160781,1455562837744160787);
INSERT INTO `sdt_sys_menu_perm_code` VALUES(1455562837744160782,1455562837744160788);
INSERT INTO `sdt_sys_menu_perm_code` VALUES(1455562837744160783,1455562837744160789);
INSERT INTO `sdt_sys_menu_perm_code` VALUES(1455562837744160784,1455562837744160790);
INSERT INTO `sdt_sys_menu_perm_code` VALUES(1455562837744160785,1455562837744160791);
INSERT INTO `sdt_sys_menu_perm_code` VALUES(1455562837744160793,1455562837744160802);
INSERT INTO `sdt_sys_menu_perm_code` VALUES(1455562837744160794,1455562837744160803);
INSERT INTO `sdt_sys_menu_perm_code` VALUES(1455562837744160795,1455562837744160804);
INSERT INTO `sdt_sys_menu_perm_code` VALUES(1455562837744160796,1455562837744160805);
INSERT INTO `sdt_sys_menu_perm_code` VALUES(1455562837744160797,1455562837744160806);
INSERT INTO `sdt_sys_menu_perm_code` VALUES(1455562837744160798,1455562837744160807);
INSERT INTO `sdt_sys_menu_perm_code` VALUES(1455562837744160799,1455562837744160808);
INSERT INTO `sdt_sys_menu_perm_code` VALUES(1455562837744160800,1455562837744160809);
INSERT INTO `sdt_sys_menu_perm_code` VALUES(1326769584044249093,1455562837744160817);
INSERT INTO `sdt_sys_menu_perm_code` VALUES(1326769584044249093,1455562837744160818);
INSERT INTO `sdt_sys_menu_perm_code` VALUES(1326769584044249093,1455562837744160819);
INSERT INTO `sdt_sys_menu_perm_code` VALUES(1326769584044249093,1455562837744160820);
INSERT INTO `sdt_sys_menu_perm_code` VALUES(1326769584044249093,1455562837744160821);
INSERT INTO `sdt_sys_menu_perm_code` VALUES(1455562837744160811,1455562837744160817);
INSERT INTO `sdt_sys_menu_perm_code` VALUES(1455562837744160812,1455562837744160818);
INSERT INTO `sdt_sys_menu_perm_code` VALUES(1455562837744160813,1455562837744160819);
INSERT INTO `sdt_sys_menu_perm_code` VALUES(1455562837744160814,1455562837744160820);
INSERT INTO `sdt_sys_menu_perm_code` VALUES(1455562837744160815,1455562837744160821);
INSERT INTO `sdt_sys_menu_perm_code` VALUES(1455562837744160824,1455562837744160829);
INSERT INTO `sdt_sys_menu_perm_code` VALUES(1455562837744160825,1455562837744160830);
INSERT INTO `sdt_sys_menu_perm_code` VALUES(1455562837744160826,1455562837744160831);
INSERT INTO `sdt_sys_menu_perm_code` VALUES(1455562837744160827,1455562837744160832);
INSERT INTO `sdt_sys_menu_perm_code` VALUES(1586348496418508806,1586348496418508813);
INSERT INTO `sdt_sys_menu_perm_code` VALUES(1586348496418508807,1586348496418508814);
INSERT INTO `sdt_sys_menu_perm_code` VALUES(1455562837744160855,1455562837744160857);
INSERT INTO `sdt_sys_menu_perm_code` VALUES(1455562837752549377,1455562837752549380);
INSERT INTO `sdt_sys_menu_perm_code` VALUES(1455562837752549378,1455562837752549381);
INSERT INTO `sdt_sys_menu_perm_code` VALUES(1586348496422703115,1586348496422703123);
INSERT INTO `sdt_sys_menu_perm_code` VALUES(1586348496422703119,1586348496422703124);
INSERT INTO `sdt_sys_menu_perm_code` VALUES(1586348496422703116,1586348496422703125);
INSERT INTO `sdt_sys_menu_perm_code` VALUES(1586348496422703117,1586348496422703126);
INSERT INTO `sdt_sys_menu_perm_code` VALUES(1586348496422703118,1586348496422703127);
INSERT INTO `sdt_sys_menu_perm_code` VALUES(1586348496422703120,1586348496426897408);
INSERT INTO `sdt_sys_menu_perm_code` VALUES(1586348496422703121,1586348496426897409);
INSERT INTO `sdt_sys_menu_perm_code` VALUES(1586348496426897412,1586348496426897417);
INSERT INTO `sdt_sys_menu_perm_code` VALUES(1586348496426897413,1586348496426897418);
INSERT INTO `sdt_sys_menu_perm_code` VALUES(1586348496426897414,1586348496426897419);
INSERT INTO `sdt_sys_menu_perm_code` VALUES(1586348496426897415,1586348496426897420);
COMMIT;

-- ----------------------------
-- 全部权限资源模块数据
-- ----------------------------
BEGIN;
INSERT INTO `sdt_sys_perm_module` VALUES(1587337565957001216,NULL,'数据离线开发中心',0,1,1326769583993917440,CURDATE(),1326769583993917440,CURDATE(),1);
INSERT INTO `sdt_sys_perm_module` VALUES(1585837652362399744,NULL,'数据传输中心',0,1,1326769583993917440,CURDATE(),1326769583993917440,CURDATE(),1);
INSERT INTO `sdt_sys_perm_module` VALUES(1585837562100977664,NULL,'项目中心',0,1,1326769583993917440,CURDATE(),1326769583993917440,CURDATE(),1);
INSERT INTO `sdt_sys_perm_module` VALUES(1326769584052637696,NULL,'系统配置',0,2,1326769583993917440,CURDATE(),1326769583993917440,CURDATE(),1);
INSERT INTO `sdt_sys_perm_module` VALUES(1326769584031666179,NULL,'用户权限',0,1,1326769583993917440,CURDATE(),1326769583993917440,CURDATE(),1);
INSERT INTO `sdt_sys_perm_module` VALUES(1455562837739966765,1326769584052637696,'字典管理',0,0,1326769583993917440,CURDATE(),1326769583993917440,CURDATE(),1);
INSERT INTO `sdt_sys_perm_module` VALUES(1326769584170078208,1326769584031666179,'用户管理',1,0,1326769583993917440,CURDATE(),1326769583993917440,CURDATE(),1);
INSERT INTO `sdt_sys_perm_module` VALUES(1326943267933130752,1326769584031666179,'部门管理',1,5,1326769583993917440,CURDATE(),1326769583993917440,CURDATE(),1);
INSERT INTO `sdt_sys_perm_module` VALUES(1658376516855140352,1585837562100977664,'数据项目—项目管理主表',1,0,1326769583993917440,CURDATE(),1326769583993917440,CURDATE(),1);
INSERT INTO `sdt_sys_perm_module` VALUES(1715012506163875840,1587337565957001216,'数据开发-liteflow表达式规则表',1,0,1326769583993917440,CURDATE(),1326769583993917440,CURDATE(),1);
INSERT INTO `sdt_sys_perm_module` VALUES(1715309748485623808,1587337565957001216,'数据开发-任务调度-任务表',1,5,1326769583993917440,CURDATE(),1326769583993917440,CURDATE(),1);
INSERT INTO `sdt_sys_perm_module` VALUES(1715964130600423424,1585837562100977664,'项目中心-基础信息配置-远程主机',1,5,1326769583993917440,CURDATE(),1326769583993917440,CURDATE(),1);
INSERT INTO `sdt_sys_perm_module` VALUES(1715964216931782656,1585837562100977664,'项目中心-数据传输引擎配置',1,10,1326769583993917440,CURDATE(),1326769583993917440,CURDATE(),1);
INSERT INTO `sdt_sys_perm_module` VALUES(1658376657146220544,1585837562100977664,'数据项目-数据源表',1,15,1326769583993917440,CURDATE(),1326769583993917440,CURDATE(),1);
INSERT INTO `sdt_sys_perm_module` VALUES(1658376735256743936,1585837562100977664,'数据项目-项目数据源关联表',1,20,1326769583993917440,CURDATE(),1326769583993917440,CURDATE(),1);
INSERT INTO `sdt_sys_perm_module` VALUES(1658376796426473472,1585837562100977664,'数据项目-项目数据源模板字典表',1,25,1326769583993917440,CURDATE(),1326769583993917440,CURDATE(),1);
INSERT INTO `sdt_sys_perm_module` VALUES(1658376872318210048,1585837562100977664,'数据项目-存算引擎表',1,30,1326769583993917440,CURDATE(),1326769583993917440,CURDATE(),1);
INSERT INTO `sdt_sys_perm_module` VALUES(1658376939573874688,1585837562100977664,'数据项目-项目成员关联表',1,35,1326769583993917440,CURDATE(),1326769583993917440,CURDATE(),1);
INSERT INTO `sdt_sys_perm_module` VALUES(1667453150669312000,1585837562100977664,'基础业务字典',1,40,1326769583993917440,CURDATE(),1326769583993917440,CURDATE(),1);
INSERT INTO `sdt_sys_perm_module` VALUES(1667843021758009344,1585837562100977664,'数据规划-模型设计-模型字段表',1,45,1326769583993917440,CURDATE(),1326769583993917440,CURDATE(),1);
INSERT INTO `sdt_sys_perm_module` VALUES(1667843441729474560,1585837562100977664,'数据规划-模型设计-模型逻辑表',1,50,1326769583993917440,CURDATE(),1326769583993917440,CURDATE(),1);
INSERT INTO `sdt_sys_perm_module` VALUES(1667843703764422656,1585837562100977664,'数据规划-模型设计-模型物理表',1,55,1326769583993917440,CURDATE(),1326769583993917440,CURDATE(),1);
INSERT INTO `sdt_sys_perm_module` VALUES(1667844191612309504,1585837562100977664,'数据规划-数据架构-业务分类表',1,60,1326769583993917440,CURDATE(),1326769583993917440,CURDATE(),1);
INSERT INTO `sdt_sys_perm_module` VALUES(1667844419069415424,1585837562100977664,'数据规划-数据架构-主题域表',1,65,1326769583993917440,CURDATE(),1326769583993917440,CURDATE(),1);
INSERT INTO `sdt_sys_perm_module` VALUES(1667844309228982272,1585837562100977664,'数据规划-数据架构-业务过程表',1,70,1326769583993917440,CURDATE(),1326769583993917440,CURDATE(),1);
INSERT INTO `sdt_sys_perm_module` VALUES(1667844627341774848,1585837562100977664,'数据规划-数据仓库分层表',1,75,1326769583993917440,CURDATE(),1326769583993917440,CURDATE(),1);
INSERT INTO `sdt_sys_perm_module` VALUES(1667844808804143104,1585837562100977664,'数据规划-数据标准-目录表',1,80,1326769583993917440,CURDATE(),1326769583993917440,CURDATE(),1);
INSERT INTO `sdt_sys_perm_module` VALUES(1667845125633478656,1585837562100977664,'数据规划-数据标准-主表',1,85,1326769583993917440,CURDATE(),1326769583993917440,CURDATE(),1);
INSERT INTO `sdt_sys_perm_module` VALUES(1667844913452027904,1585837562100977664,'数据规划-数据标准-数据字段标准',1,90,1326769583993917440,CURDATE(),1326769583993917440,CURDATE(),1);
INSERT INTO `sdt_sys_perm_module` VALUES(1667845029525196800,1585837562100977664,'数据规划-数据标准-数据字段质量关联表',1,95,1326769583993917440,CURDATE(),1326769583993917440,CURDATE(),1);
INSERT INTO `sdt_sys_perm_module` VALUES(1667845239454306304,1585837562100977664,'数据规划-数据标准-数据质量表',1,100,1326769583993917440,CURDATE(),1326769583993917440,CURDATE(),1);
INSERT INTO `sdt_sys_perm_module` VALUES(1680835874440351744,1585837562100977664,'基础业务附件表',1,105,1326769583993917440,CURDATE(),1326769583993917440,CURDATE(),1);
INSERT INTO `sdt_sys_perm_module` VALUES(1680836003020935168,1585837562100977664,'业务定义-数据维度',1,110,1326769583993917440,CURDATE(),1326769583993917440,CURDATE(),1);
INSERT INTO `sdt_sys_perm_module` VALUES(1680836094851026944,1585837562100977664,'业务定义-维度层级表',1,115,1326769583993917440,CURDATE(),1326769583993917440,CURDATE(),1);
INSERT INTO `sdt_sys_perm_module` VALUES(1680836194604158976,1585837562100977664,'业务定义-维度属性字段表',1,120,1326769583993917440,CURDATE(),1326769583993917440,CURDATE(),1);
INSERT INTO `sdt_sys_perm_module` VALUES(1680875714640875520,1585837562100977664,'业务定义-数据维度发布记录表',1,125,1326769583993917440,CURDATE(),1326769583993917440,CURDATE(),1);
INSERT INTO `sdt_sys_perm_module` VALUES(1680875783486181376,1585837562100977664,'业务定义-指标管理',1,130,1326769583993917440,CURDATE(),1326769583993917440,CURDATE(),1);
INSERT INTO `sdt_sys_perm_module` VALUES(1715012417856999424,1587337565957001216,'数据开发-liteflow节点表',1,10,1326769583993917440,CURDATE(),1326769583993917440,CURDATE(),1);
INSERT INTO `sdt_sys_perm_module` VALUES(1719179965473230848,1587337565957001216,'数据开发-liteflow-日志表',1,15,1326769583993917440,CURDATE(),1326769583993917440,CURDATE(),1);
INSERT INTO `sdt_sys_perm_module` VALUES(1715012560266203136,1587337565957001216,'数据开发-liteflow脚本表',1,20,1326769583993917440,CURDATE(),1326769583993917440,CURDATE(),1);
INSERT INTO `sdt_sys_perm_module` VALUES(1717465853236088832,1587337565957001216,'数据开发-自助开发控制台',1,25,1326769583993917440,CURDATE(),1326769583993917440,CURDATE(),1);
INSERT INTO `sdt_sys_perm_module` VALUES(1719368093748170752,1587337565957001216,'数据开发-指标与模型字段关联表',1,30,1326769583993917440,CURDATE(),1326769583993917440,CURDATE(),1);
INSERT INTO `sdt_sys_perm_module` VALUES(1719987882657058816,1587337565957001216,'数据开发-AI模块-对话记录',1,35,1326769583993917440,CURDATE(),1326769583993917440,CURDATE(),1);
INSERT INTO `sdt_sys_perm_module` VALUES(1455562837739966722,1326769584031666179,'角色管理',1,10,1326769583993917440,CURDATE(),1326769583993917440,CURDATE(),1);
INSERT INTO `sdt_sys_perm_module` VALUES(1586348496380760184,1326769584031666179,'数据权限管理',1,15,1326769583993917440,CURDATE(),1326769583993917440,CURDATE(),1);
INSERT INTO `sdt_sys_perm_module` VALUES(1586348496380760194,1326769584031666179,'岗位管理',1,20,1326769583993917440,CURDATE(),1326769583993917440,CURDATE(),1);
INSERT INTO `sdt_sys_perm_module` VALUES(1455562837739966734,1326769584031666179,'菜单管理',1,25,1326769583993917440,CURDATE(),1326769583993917440,CURDATE(),1);
INSERT INTO `sdt_sys_perm_module` VALUES(1455562837739966742,1326769584031666179,'权限字管理',1,30,1326769583993917440,CURDATE(),1326769583993917440,CURDATE(),1);
INSERT INTO `sdt_sys_perm_module` VALUES(1455562837739966750,1326769584031666179,'权限模块管理',1,35,1326769583993917440,CURDATE(),1326769583993917440,CURDATE(),1);
INSERT INTO `sdt_sys_perm_module` VALUES(1455562837739966756,1326769584031666179,'权限资源管理',1,40,1326769583993917440,CURDATE(),1326769583993917440,CURDATE(),1);
INSERT INTO `sdt_sys_perm_module` VALUES(1524093415359254813,1455562837739966765,'编码字典',1,0,1326769583993917440,CURDATE(),1326769583993917440,CURDATE(),1);
INSERT INTO `sdt_sys_perm_module` VALUES(1455562837739966766,1326769584052637696,'操作日志',1,5,1326769583993917440,CURDATE(),1326769583993917440,CURDATE(),1);
INSERT INTO `sdt_sys_perm_module` VALUES(1455562837739966768,1326769584052637696,'在线用户',1,10,1326769583993917440,CURDATE(),1326769583993917440,CURDATE(),1);
COMMIT;

-- ----------------------------
-- 全部权限资源数据
-- ----------------------------
BEGIN;
INSERT INTO `sdt_sys_perm` VALUES(1326769584195244032,1326769584170078208,'新增','/admin/upms/sysUser/add',1,1326769583993917440,CURDATE(),1326769583993917440,CURDATE(),1);
INSERT INTO `sdt_sys_perm` VALUES(1326769584199438344,1326769584170078208,'编辑','/admin/upms/sysUser/update',2,1326769583993917440,CURDATE(),1326769583993917440,CURDATE(),1);
INSERT INTO `sdt_sys_perm` VALUES(1326769584199438357,1326769584170078208,'删除','/admin/upms/sysUser/delete',3,1326769583993917440,CURDATE(),1326769583993917440,CURDATE(),1);
INSERT INTO `sdt_sys_perm` VALUES(1326769584216215552,1326769584170078208,'显示列表','/admin/upms/sysUser/list',4,1326769583993917440,CURDATE(),1326769583993917440,CURDATE(),1);
INSERT INTO `sdt_sys_perm` VALUES(1326769584216215557,1326769584170078208,'导出','/admin/upms/sysUser/export',5,1326769583993917440,CURDATE(),1326769583993917440,CURDATE(),1);
INSERT INTO `sdt_sys_perm` VALUES(1326769584216215562,1326769584170078208,'详情','/admin/upms/sysUser/view',6,1326769583993917440,CURDATE(),1326769583993917440,CURDATE(),1);
INSERT INTO `sdt_sys_perm` VALUES(1326769584216215564,1326769584170078208,'打印','/admin/upms/sysUser/print',7,1326769583993917440,CURDATE(),1326769583993917440,CURDATE(),1);
INSERT INTO `sdt_sys_perm` VALUES(1326769584228798464,1326769584170078208,'重置密码','/admin/upms/sysUser/resetPassword',8,1326769583993917440,CURDATE(),1326769583993917440,CURDATE(),1);
INSERT INTO `sdt_sys_perm` VALUES(1476927661690327334,1326769584170078208,'导入','/admin/upms/sysUser/import',9,1326769583993917440,CURDATE(),1326769583993917440,CURDATE(),1);
INSERT INTO `sdt_sys_perm` VALUES(1483415036817838373,1326769584170078208,'批量删除','/admin/upms/sysUser/deleteBatch',10,1326769583993917440,CURDATE(),1326769583993917440,CURDATE(),1);
INSERT INTO `sdt_sys_perm` VALUES(1326769584077803531,1326769584170078208,'用户管理文件上传','/admin/upms/sysUser/upload',11,1326769583993917440,CURDATE(),1326769583993917440,CURDATE(),1);
INSERT INTO `sdt_sys_perm` VALUES(1326769584077803530,1326769584170078208,'用户管理文件下载','/admin/upms/sysUser/download',12,1326769583993917440,CURDATE(),1326769583993917440,CURDATE(),1);
INSERT INTO `sdt_sys_perm` VALUES(1455562837735772177,1326769584170078208,'用户权限资源分配详情','/admin/upms/sysUser/listSysPermWithDetail',13,1326769583993917440,CURDATE(),1326769583993917440,CURDATE(),1);
INSERT INTO `sdt_sys_perm` VALUES(1455562837735772178,1326769584170078208,'用户权限字分配详情','/admin/upms/sysUser/listSysPermCodeWithDetail',14,1326769583993917440,CURDATE(),1326769583993917440,CURDATE(),1);
INSERT INTO `sdt_sys_perm` VALUES(1455562837735772179,1326769584170078208,'用户菜单分配详情','/admin/upms/sysUser/listSysMenuWithDetail',15,1326769583993917440,CURDATE(),1326769583993917440,CURDATE(),1);
INSERT INTO `sdt_sys_perm` VALUES(1326943267945713664,1326943267933130752,'新增','/admin/upms/sysDept/add',1,1326769583993917440,CURDATE(),1326769583993917440,CURDATE(),1);
INSERT INTO `sdt_sys_perm` VALUES(1326943267945713673,1326943267933130752,'编辑','/admin/upms/sysDept/update',2,1326769583993917440,CURDATE(),1326769583993917440,CURDATE(),1);
INSERT INTO `sdt_sys_perm` VALUES(1326943267945713683,1326943267933130752,'删除','/admin/upms/sysDept/delete',3,1326769583993917440,CURDATE(),1326769583993917440,CURDATE(),1);
INSERT INTO `sdt_sys_perm` VALUES(1326943267958296576,1326943267933130752,'显示列表','/admin/upms/sysDept/list',4,1326769583993917440,CURDATE(),1326769583993917440,CURDATE(),1);
INSERT INTO `sdt_sys_perm` VALUES(1326943267958296579,1326943267933130752,'导出','/admin/upms/sysDept/export',5,1326769583993917440,CURDATE(),1326769583993917440,CURDATE(),1);
INSERT INTO `sdt_sys_perm` VALUES(1326943267958296582,1326943267933130752,'详情','/admin/upms/sysDept/view',6,1326769583993917440,CURDATE(),1326769583993917440,CURDATE(),1);
INSERT INTO `sdt_sys_perm` VALUES(1326943267958296584,1326943267933130752,'打印','/admin/upms/sysDept/print',7,1326769583993917440,CURDATE(),1326769583993917440,CURDATE(),1);
INSERT INTO `sdt_sys_perm` VALUES(1476927661690327335,1326943267933130752,'导入','/admin/upms/sysDept/import',8,1326769583993917440,CURDATE(),1326769583993917440,CURDATE(),1);
INSERT INTO `sdt_sys_perm` VALUES(1483415036817838374,1326943267933130752,'批量删除','/admin/upms/sysDept/deleteBatch',9,1326769583993917440,CURDATE(),1326769583993917440,CURDATE(),1);
INSERT INTO `sdt_sys_perm` VALUES(1586348496376565786,1326943267933130752,'新增部门岗位','/admin/upms/sysDept/addSysDeptPost',10,1326769583993917440,CURDATE(),1326769583993917440,CURDATE(),1);
INSERT INTO `sdt_sys_perm` VALUES(1586348496376565787,1326943267933130752,'编辑部门岗位','/admin/upms/sysDept/updateSysDeptPost',11,1326769583993917440,CURDATE(),1326769583993917440,CURDATE(),1);
INSERT INTO `sdt_sys_perm` VALUES(1586348496380760064,1326943267933130752,'移除部门岗位','/admin/upms/sysDept/deleteSysDeptPost',12,1326769583993917440,CURDATE(),1326769583993917440,CURDATE(),1);
INSERT INTO `sdt_sys_perm` VALUES(1586348496380760065,1326943267933130752,'列表显示部门岗位','/admin/upms/sysDept/listSysDeptPost',13,1326769583993917440,CURDATE(),1326769583993917440,CURDATE(),1);
INSERT INTO `sdt_sys_perm` VALUES(1586348496380760066,1326943267933130752,'列表显示未关联部门岗位','/admin/upms/sysDept/listNotInSysDeptPost',14,1326769583993917440,CURDATE(),1326769583993917440,CURDATE(),1);
INSERT INTO `sdt_sys_perm` VALUES(1586348496380760067,1326943267933130752,'详情显示部门岗位','/admin/upms/sysDept/viewSysDeptPost',15,1326769583993917440,CURDATE(),1326769583993917440,CURDATE(),1);
INSERT INTO `sdt_sys_perm` VALUES(1658376516863528960,1658376516855140352,'新增','/admin/app/projectMain/add',1,1326769583993917440,CURDATE(),1326769583993917440,CURDATE(),1);
INSERT INTO `sdt_sys_perm` VALUES(1658376516863528976,1658376516855140352,'编辑','/admin/app/projectMain/update',2,1326769583993917440,CURDATE(),1326769583993917440,CURDATE(),1);
INSERT INTO `sdt_sys_perm` VALUES(1658376516863528993,1658376516855140352,'删除','/admin/app/projectMain/delete',3,1326769583993917440,CURDATE(),1326769583993917440,CURDATE(),1);
INSERT INTO `sdt_sys_perm` VALUES(1658376516863528995,1658376516855140352,'导入','/admin/app/projectMain/import',4,1326769583993917440,CURDATE(),1326769583993917440,CURDATE(),1);
INSERT INTO `sdt_sys_perm` VALUES(1658376516863528996,1658376516855140352,'批量删除','/admin/app/projectMain/deleteBatch',5,1326769583993917440,CURDATE(),1326769583993917440,CURDATE(),1);
INSERT INTO `sdt_sys_perm` VALUES(1658376516876111872,1658376516855140352,'分组列表','/admin/app/projectMain/listWithGroup',6,1326769583993917440,CURDATE(),1326769583993917440,CURDATE(),1);
INSERT INTO `sdt_sys_perm` VALUES(1658376516884500480,1658376516855140352,'显示列表','/admin/app/projectMain/list',7,1326769583993917440,CURDATE(),1326769583993917440,CURDATE(),1);
INSERT INTO `sdt_sys_perm` VALUES(1658376516884500497,1658376516855140352,'导出','/admin/app/projectMain/export',8,1326769583993917440,CURDATE(),1326769583993917440,CURDATE(),1);
INSERT INTO `sdt_sys_perm` VALUES(1658376516884500514,1658376516855140352,'详情','/admin/app/projectMain/view',9,1326769583993917440,CURDATE(),1326769583993917440,CURDATE(),1);
INSERT INTO `sdt_sys_perm` VALUES(1658376516884500516,1658376516855140352,'打印','/admin/app/projectMain/print',10,1326769583993917440,CURDATE(),1326769583993917440,CURDATE(),1);
INSERT INTO `sdt_sys_perm` VALUES(1658377283095760896,1658376516855140352,'新增项目成员管理','/admin/app/projectMain/addProjectMember',11,1326769583993917440,CURDATE(),1326769583993917440,CURDATE(),1);
INSERT INTO `sdt_sys_perm` VALUES(1658377283095760899,1658376516855140352,'详情项目成员管理','/admin/app/projectMain/viewProjectMember',12,1326769583993917440,CURDATE(),1326769583993917440,CURDATE(),1);
INSERT INTO `sdt_sys_perm` VALUES(1658377283095760902,1658376516855140352,'编辑项目成员管理','/admin/app/projectMain/updateProjectMember',13,1326769583993917440,CURDATE(),1326769583993917440,CURDATE(),1);
INSERT INTO `sdt_sys_perm` VALUES(1658377283095760913,1658376516855140352,'移除项目成员管理','/admin/app/projectMain/deleteProjectMember',14,1326769583993917440,CURDATE(),1326769583993917440,CURDATE(),1);
INSERT INTO `sdt_sys_perm` VALUES(1658377283095760916,1658376516855140352,'批量移除项目成员管理','/admin/app/projectMain/deleteProjectMemberList',15,1326769583993917440,CURDATE(),1326769583993917440,CURDATE(),1);
INSERT INTO `sdt_sys_perm` VALUES(1658377283095760918,1658376516855140352,'项目成员管理列表','/admin/app/projectMain/listProjectMember',16,1326769583993917440,CURDATE(),1326769583993917440,CURDATE(),1);
INSERT INTO `sdt_sys_perm` VALUES(1658377283095760925,1658376516855140352,'项目成员管理未关联列表','/admin/app/projectMain/listNotInProjectMember',17,1326769583993917440,CURDATE(),1326769583993917440,CURDATE(),1);
INSERT INTO `sdt_sys_perm` VALUES(1658377609655881728,1658376516855140352,'新增数据项目-数据源表','/admin/app/projectMain/addProjectDatasourceRelation',18,1326769583993917440,CURDATE(),1326769583993917440,CURDATE(),1);
INSERT INTO `sdt_sys_perm` VALUES(1658377609655881731,1658376516855140352,'详情数据项目-数据源表','/admin/app/projectMain/viewProjectDatasourceRelation',19,1326769583993917440,CURDATE(),1326769583993917440,CURDATE(),1);
INSERT INTO `sdt_sys_perm` VALUES(1658377609655881734,1658376516855140352,'编辑数据项目-数据源表','/admin/app/projectMain/updateProjectDatasourceRelation',20,1326769583993917440,CURDATE(),1326769583993917440,CURDATE(),1);
INSERT INTO `sdt_sys_perm` VALUES(1658377609655881745,1658376516855140352,'移除数据项目-数据源表','/admin/app/projectMain/deleteProjectDatasourceRelation',21,1326769583993917440,CURDATE(),1326769583993917440,CURDATE(),1);
INSERT INTO `sdt_sys_perm` VALUES(1658377609655881748,1658376516855140352,'批量移除数据项目-数据源表','/admin/app/projectMain/deleteProjectDatasourceRelationList',22,1326769583993917440,CURDATE(),1326769583993917440,CURDATE(),1);
INSERT INTO `sdt_sys_perm` VALUES(1658377609655881750,1658376516855140352,'数据项目-数据源表列表','/admin/app/projectMain/listProjectDatasourceRelation',23,1326769583993917440,CURDATE(),1326769583993917440,CURDATE(),1);
INSERT INTO `sdt_sys_perm` VALUES(1658377609655881769,1658376516855140352,'数据项目-数据源表未关联列表','/admin/app/projectMain/listNotInProjectDatasourceRelation',24,1326769583993917440,CURDATE(),1326769583993917440,CURDATE(),1);
INSERT INTO `sdt_sys_perm` VALUES(1715012506176458752,1715012506163875840,'新增','/admin/app/devLiteflowRuler/add',1,1326769583993917440,CURDATE(),1326769583993917440,CURDATE(),1);
INSERT INTO `sdt_sys_perm` VALUES(1715012506176458770,1715012506163875840,'编辑','/admin/app/devLiteflowRuler/update',2,1326769583993917440,CURDATE(),1326769583993917440,CURDATE(),1);
INSERT INTO `sdt_sys_perm` VALUES(1715012506176458789,1715012506163875840,'删除','/admin/app/devLiteflowRuler/delete',3,1326769583993917440,CURDATE(),1326769583993917440,CURDATE(),1);
INSERT INTO `sdt_sys_perm` VALUES(1715012506176458791,1715012506163875840,'导入','/admin/app/devLiteflowRuler/import',4,1326769583993917440,CURDATE(),1326769583993917440,CURDATE(),1);
INSERT INTO `sdt_sys_perm` VALUES(1715012506176458792,1715012506163875840,'批量删除','/admin/app/devLiteflowRuler/deleteBatch',5,1326769583993917440,CURDATE(),1326769583993917440,CURDATE(),1);
INSERT INTO `sdt_sys_perm` VALUES(1715012506189041664,1715012506163875840,'显示列表','/admin/app/devLiteflowRuler/list',6,1326769583993917440,CURDATE(),1326769583993917440,CURDATE(),1);
INSERT INTO `sdt_sys_perm` VALUES(1715012506189041681,1715012506163875840,'导出','/admin/app/devLiteflowRuler/export',7,1326769583993917440,CURDATE(),1326769583993917440,CURDATE(),1);
INSERT INTO `sdt_sys_perm` VALUES(1715012506189041698,1715012506163875840,'详情','/admin/app/devLiteflowRuler/view',8,1326769583993917440,CURDATE(),1326769583993917440,CURDATE(),1);
INSERT INTO `sdt_sys_perm` VALUES(1715012506189041700,1715012506163875840,'打印','/admin/app/devLiteflowRuler/print',9,1326769583993917440,CURDATE(),1326769583993917440,CURDATE(),1);
INSERT INTO `sdt_sys_perm` VALUES(1715309748498206720,1715309748485623808,'新增','/admin/app/schedulingTasks/add',1,1326769583993917440,CURDATE(),1326769583993917440,CURDATE(),1);
INSERT INTO `sdt_sys_perm` VALUES(1715309748498206737,1715309748485623808,'编辑','/admin/app/schedulingTasks/update',2,1326769583993917440,CURDATE(),1326769583993917440,CURDATE(),1);
INSERT INTO `sdt_sys_perm` VALUES(1715309748498206755,1715309748485623808,'删除','/admin/app/schedulingTasks/delete',3,1326769583993917440,CURDATE(),1326769583993917440,CURDATE(),1);
INSERT INTO `sdt_sys_perm` VALUES(1715309748498206757,1715309748485623808,'导入','/admin/app/schedulingTasks/import',4,1326769583993917440,CURDATE(),1326769583993917440,CURDATE(),1);
INSERT INTO `sdt_sys_perm` VALUES(1715309748498206758,1715309748485623808,'批量删除','/admin/app/schedulingTasks/deleteBatch',5,1326769583993917440,CURDATE(),1326769583993917440,CURDATE(),1);
INSERT INTO `sdt_sys_perm` VALUES(1715309748510789632,1715309748485623808,'显示列表','/admin/app/schedulingTasks/list',6,1326769583993917440,CURDATE(),1326769583993917440,CURDATE(),1);
INSERT INTO `sdt_sys_perm` VALUES(1715309748510789650,1715309748485623808,'导出','/admin/app/schedulingTasks/export',7,1326769583993917440,CURDATE(),1326769583993917440,CURDATE(),1);
INSERT INTO `sdt_sys_perm` VALUES(1715309748510789668,1715309748485623808,'详情','/admin/app/schedulingTasks/view',8,1326769583993917440,CURDATE(),1326769583993917440,CURDATE(),1);
INSERT INTO `sdt_sys_perm` VALUES(1715309748510789670,1715309748485623808,'打印','/admin/app/schedulingTasks/print',9,1326769583993917440,CURDATE(),1326769583993917440,CURDATE(),1);
INSERT INTO `sdt_sys_perm` VALUES(1715964130608812032,1715964130600423424,'新增','/admin/app/remoteHost/add',1,1326769583993917440,CURDATE(),1326769583993917440,CURDATE(),1);
INSERT INTO `sdt_sys_perm` VALUES(1715964130608812046,1715964130600423424,'编辑','/admin/app/remoteHost/update',2,1326769583993917440,CURDATE(),1326769583993917440,CURDATE(),1);
INSERT INTO `sdt_sys_perm` VALUES(1715964130608812061,1715964130600423424,'删除','/admin/app/remoteHost/delete',3,1326769583993917440,CURDATE(),1326769583993917440,CURDATE(),1);
INSERT INTO `sdt_sys_perm` VALUES(1715964130608812063,1715964130600423424,'导入','/admin/app/remoteHost/import',4,1326769583993917440,CURDATE(),1326769583993917440,CURDATE(),1);
INSERT INTO `sdt_sys_perm` VALUES(1715964130608812064,1715964130600423424,'批量删除','/admin/app/remoteHost/deleteBatch',5,1326769583993917440,CURDATE(),1326769583993917440,CURDATE(),1);
INSERT INTO `sdt_sys_perm` VALUES(1715964130621394944,1715964130600423424,'显示列表','/admin/app/remoteHost/list',6,1326769583993917440,CURDATE(),1326769583993917440,CURDATE(),1);
INSERT INTO `sdt_sys_perm` VALUES(1715964130621394958,1715964130600423424,'导出','/admin/app/remoteHost/export',7,1326769583993917440,CURDATE(),1326769583993917440,CURDATE(),1);
INSERT INTO `sdt_sys_perm` VALUES(1715964130621394972,1715964130600423424,'详情','/admin/app/remoteHost/view',8,1326769583993917440,CURDATE(),1326769583993917440,CURDATE(),1);
INSERT INTO `sdt_sys_perm` VALUES(1715964130621394974,1715964130600423424,'打印','/admin/app/remoteHost/print',9,1326769583993917440,CURDATE(),1326769583993917440,CURDATE(),1);
INSERT INTO `sdt_sys_perm` VALUES(1715964216940171264,1715964216931782656,'新增','/admin/app/seatunnelConfig/add',1,1326769583993917440,CURDATE(),1326769583993917440,CURDATE(),1);
INSERT INTO `sdt_sys_perm` VALUES(1715964216940171275,1715964216931782656,'编辑','/admin/app/seatunnelConfig/update',2,1326769583993917440,CURDATE(),1326769583993917440,CURDATE(),1);
INSERT INTO `sdt_sys_perm` VALUES(1715964216940171287,1715964216931782656,'删除','/admin/app/seatunnelConfig/delete',3,1326769583993917440,CURDATE(),1326769583993917440,CURDATE(),1);
INSERT INTO `sdt_sys_perm` VALUES(1715964216940171289,1715964216931782656,'导入','/admin/app/seatunnelConfig/import',4,1326769583993917440,CURDATE(),1326769583993917440,CURDATE(),1);
INSERT INTO `sdt_sys_perm` VALUES(1715964216940171290,1715964216931782656,'批量删除','/admin/app/seatunnelConfig/deleteBatch',5,1326769583993917440,CURDATE(),1326769583993917440,CURDATE(),1);
INSERT INTO `sdt_sys_perm` VALUES(1715964216952754176,1715964216931782656,'显示列表','/admin/app/seatunnelConfig/list',6,1326769583993917440,CURDATE(),1326769583993917440,CURDATE(),1);
INSERT INTO `sdt_sys_perm` VALUES(1715964216952754188,1715964216931782656,'导出','/admin/app/seatunnelConfig/export',7,1326769583993917440,CURDATE(),1326769583993917440,CURDATE(),1);
INSERT INTO `sdt_sys_perm` VALUES(1715964216952754200,1715964216931782656,'详情','/admin/app/seatunnelConfig/view',8,1326769583993917440,CURDATE(),1326769583993917440,CURDATE(),1);
INSERT INTO `sdt_sys_perm` VALUES(1715964216952754202,1715964216931782656,'打印','/admin/app/seatunnelConfig/print',9,1326769583993917440,CURDATE(),1326769583993917440,CURDATE(),1);
INSERT INTO `sdt_sys_perm` VALUES(1658376657158803456,1658376657146220544,'新增','/admin/app/projectDatasource/add',1,1326769583993917440,CURDATE(),1326769583993917440,CURDATE(),1);
INSERT INTO `sdt_sys_perm` VALUES(1658376657158803473,1658376657146220544,'编辑','/admin/app/projectDatasource/update',2,1326769583993917440,CURDATE(),1326769583993917440,CURDATE(),1);
INSERT INTO `sdt_sys_perm` VALUES(1658376657158803491,1658376657146220544,'删除','/admin/app/projectDatasource/delete',3,1326769583993917440,CURDATE(),1326769583993917440,CURDATE(),1);
INSERT INTO `sdt_sys_perm` VALUES(1658376657158803493,1658376657146220544,'导入','/admin/app/projectDatasource/import',4,1326769583993917440,CURDATE(),1326769583993917440,CURDATE(),1);
INSERT INTO `sdt_sys_perm` VALUES(1658376657158803494,1658376657146220544,'批量删除','/admin/app/projectDatasource/deleteBatch',5,1326769583993917440,CURDATE(),1326769583993917440,CURDATE(),1);
INSERT INTO `sdt_sys_perm` VALUES(1658376657171386368,1658376657146220544,'分组列表','/admin/app/projectDatasource/listWithGroup',6,1326769583993917440,CURDATE(),1326769583993917440,CURDATE(),1);
INSERT INTO `sdt_sys_perm` VALUES(1658376657179774976,1658376657146220544,'显示列表','/admin/app/projectDatasource/list',7,1326769583993917440,CURDATE(),1326769583993917440,CURDATE(),1);
INSERT INTO `sdt_sys_perm` VALUES(1658376657179774994,1658376657146220544,'导出','/admin/app/projectDatasource/export',8,1326769583993917440,CURDATE(),1326769583993917440,CURDATE(),1);
INSERT INTO `sdt_sys_perm` VALUES(1658376657179775012,1658376657146220544,'详情','/admin/app/projectDatasource/view',9,1326769583993917440,CURDATE(),1326769583993917440,CURDATE(),1);
INSERT INTO `sdt_sys_perm` VALUES(1658376657179775014,1658376657146220544,'打印','/admin/app/projectDatasource/print',10,1326769583993917440,CURDATE(),1326769583993917440,CURDATE(),1);
INSERT INTO `sdt_sys_perm` VALUES(1658376735265132544,1658376735256743936,'新增','/admin/app/projectDatasourceRelation/add',1,1326769583993917440,CURDATE(),1326769583993917440,CURDATE(),1);
INSERT INTO `sdt_sys_perm` VALUES(1658376735265132554,1658376735256743936,'编辑','/admin/app/projectDatasourceRelation/update',2,1326769583993917440,CURDATE(),1326769583993917440,CURDATE(),1);
INSERT INTO `sdt_sys_perm` VALUES(1658376735265132565,1658376735256743936,'删除','/admin/app/projectDatasourceRelation/delete',3,1326769583993917440,CURDATE(),1326769583993917440,CURDATE(),1);
INSERT INTO `sdt_sys_perm` VALUES(1658376735265132567,1658376735256743936,'导入','/admin/app/projectDatasourceRelation/import',4,1326769583993917440,CURDATE(),1326769583993917440,CURDATE(),1);
INSERT INTO `sdt_sys_perm` VALUES(1658376735265132568,1658376735256743936,'批量删除','/admin/app/projectDatasourceRelation/deleteBatch',5,1326769583993917440,CURDATE(),1326769583993917440,CURDATE(),1);
INSERT INTO `sdt_sys_perm` VALUES(1658376735277715456,1658376735256743936,'分组列表','/admin/app/projectDatasourceRelation/listWithGroup',6,1326769583993917440,CURDATE(),1326769583993917440,CURDATE(),1);
INSERT INTO `sdt_sys_perm` VALUES(1658376735281909760,1658376735256743936,'显示列表','/admin/app/projectDatasourceRelation/list',7,1326769583993917440,CURDATE(),1326769583993917440,CURDATE(),1);
INSERT INTO `sdt_sys_perm` VALUES(1658376735281909770,1658376735256743936,'导出','/admin/app/projectDatasourceRelation/export',8,1326769583993917440,CURDATE(),1326769583993917440,CURDATE(),1);
INSERT INTO `sdt_sys_perm` VALUES(1658376735281909780,1658376735256743936,'详情','/admin/app/projectDatasourceRelation/view',9,1326769583993917440,CURDATE(),1326769583993917440,CURDATE(),1);
INSERT INTO `sdt_sys_perm` VALUES(1658376735281909782,1658376735256743936,'打印','/admin/app/projectDatasourceRelation/print',10,1326769583993917440,CURDATE(),1326769583993917440,CURDATE(),1);
INSERT INTO `sdt_sys_perm` VALUES(1658376796439056384,1658376796426473472,'新增','/admin/app/projectDatasourceTemplateDict/add',1,1326769583993917440,CURDATE(),1326769583993917440,CURDATE(),1);
INSERT INTO `sdt_sys_perm` VALUES(1658376796439056398,1658376796426473472,'编辑','/admin/app/projectDatasourceTemplateDict/update',2,1326769583993917440,CURDATE(),1326769583993917440,CURDATE(),1);
INSERT INTO `sdt_sys_perm` VALUES(1658376796439056413,1658376796426473472,'删除','/admin/app/projectDatasourceTemplateDict/delete',3,1326769583993917440,CURDATE(),1326769583993917440,CURDATE(),1);
INSERT INTO `sdt_sys_perm` VALUES(1658376796439056415,1658376796426473472,'导入','/admin/app/projectDatasourceTemplateDict/import',4,1326769583993917440,CURDATE(),1326769583993917440,CURDATE(),1);
INSERT INTO `sdt_sys_perm` VALUES(1658376796439056416,1658376796426473472,'批量删除','/admin/app/projectDatasourceTemplateDict/deleteBatch',5,1326769583993917440,CURDATE(),1326769583993917440,CURDATE(),1);
INSERT INTO `sdt_sys_perm` VALUES(1658376796451639296,1658376796426473472,'显示列表','/admin/app/projectDatasourceTemplateDict/list',6,1326769583993917440,CURDATE(),1326769583993917440,CURDATE(),1);
INSERT INTO `sdt_sys_perm` VALUES(1658376796451639307,1658376796426473472,'导出','/admin/app/projectDatasourceTemplateDict/export',7,1326769583993917440,CURDATE(),1326769583993917440,CURDATE(),1);
INSERT INTO `sdt_sys_perm` VALUES(1658376796451639318,1658376796426473472,'详情','/admin/app/projectDatasourceTemplateDict/view',8,1326769583993917440,CURDATE(),1326769583993917440,CURDATE(),1);
INSERT INTO `sdt_sys_perm` VALUES(1658376796451639320,1658376796426473472,'打印','/admin/app/projectDatasourceTemplateDict/print',9,1326769583993917440,CURDATE(),1326769583993917440,CURDATE(),1);
INSERT INTO `sdt_sys_perm` VALUES(1658376872330792960,1658376872318210048,'新增','/admin/app/projectEngine/add',1,1326769583993917440,CURDATE(),1326769583993917440,CURDATE(),1);
INSERT INTO `sdt_sys_perm` VALUES(1658376872330792977,1658376872318210048,'编辑','/admin/app/projectEngine/update',2,1326769583993917440,CURDATE(),1326769583993917440,CURDATE(),1);
INSERT INTO `sdt_sys_perm` VALUES(1658376872330792995,1658376872318210048,'删除','/admin/app/projectEngine/delete',3,1326769583993917440,CURDATE(),1326769583993917440,CURDATE(),1);
INSERT INTO `sdt_sys_perm` VALUES(1658376872330792997,1658376872318210048,'导入','/admin/app/projectEngine/import',4,1326769583993917440,CURDATE(),1326769583993917440,CURDATE(),1);
INSERT INTO `sdt_sys_perm` VALUES(1658376872330792998,1658376872318210048,'批量删除','/admin/app/projectEngine/deleteBatch',5,1326769583993917440,CURDATE(),1326769583993917440,CURDATE(),1);
INSERT INTO `sdt_sys_perm` VALUES(1658376872343375872,1658376872318210048,'分组列表','/admin/app/projectEngine/listWithGroup',6,1326769583993917440,CURDATE(),1326769583993917440,CURDATE(),1);
INSERT INTO `sdt_sys_perm` VALUES(1658376872351764480,1658376872318210048,'显示列表','/admin/app/projectEngine/list',7,1326769583993917440,CURDATE(),1326769583993917440,CURDATE(),1);
INSERT INTO `sdt_sys_perm` VALUES(1658376872351764495,1658376872318210048,'导出','/admin/app/projectEngine/export',8,1326769583993917440,CURDATE(),1326769583993917440,CURDATE(),1);
INSERT INTO `sdt_sys_perm` VALUES(1658376872351764510,1658376872318210048,'详情','/admin/app/projectEngine/view',9,1326769583993917440,CURDATE(),1326769583993917440,CURDATE(),1);
INSERT INTO `sdt_sys_perm` VALUES(1658376872351764512,1658376872318210048,'打印','/admin/app/projectEngine/print',10,1326769583993917440,CURDATE(),1326769583993917440,CURDATE(),1);
INSERT INTO `sdt_sys_perm` VALUES(1658376939582263296,1658376939573874688,'新增','/admin/app/projectMember/add',1,1326769583993917440,CURDATE(),1326769583993917440,CURDATE(),1);
INSERT INTO `sdt_sys_perm` VALUES(1658376939582263306,1658376939573874688,'编辑','/admin/app/projectMember/update',2,1326769583993917440,CURDATE(),1326769583993917440,CURDATE(),1);
INSERT INTO `sdt_sys_perm` VALUES(1658376939582263317,1658376939573874688,'删除','/admin/app/projectMember/delete',3,1326769583993917440,CURDATE(),1326769583993917440,CURDATE(),1);
INSERT INTO `sdt_sys_perm` VALUES(1658376939582263319,1658376939573874688,'导入','/admin/app/projectMember/import',4,1326769583993917440,CURDATE(),1326769583993917440,CURDATE(),1);
INSERT INTO `sdt_sys_perm` VALUES(1658376939582263320,1658376939573874688,'批量删除','/admin/app/projectMember/deleteBatch',5,1326769583993917440,CURDATE(),1326769583993917440,CURDATE(),1);
INSERT INTO `sdt_sys_perm` VALUES(1658376939594846208,1658376939573874688,'显示列表','/admin/app/projectMember/list',6,1326769583993917440,CURDATE(),1326769583993917440,CURDATE(),1);
INSERT INTO `sdt_sys_perm` VALUES(1658376939594846218,1658376939573874688,'导出','/admin/app/projectMember/export',7,1326769583993917440,CURDATE(),1326769583993917440,CURDATE(),1);
INSERT INTO `sdt_sys_perm` VALUES(1658376939594846228,1658376939573874688,'详情','/admin/app/projectMember/view',8,1326769583993917440,CURDATE(),1326769583993917440,CURDATE(),1);
INSERT INTO `sdt_sys_perm` VALUES(1658376939594846230,1658376939573874688,'打印','/admin/app/projectMember/print',9,1326769583993917440,CURDATE(),1326769583993917440,CURDATE(),1);
INSERT INTO `sdt_sys_perm` VALUES(1667453150677700608,1667453150669312000,'新增','/admin/app/baseBusinessDict/add',1,1326769583993917440,CURDATE(),1326769583993917440,CURDATE(),1);
INSERT INTO `sdt_sys_perm` VALUES(1667453150677700620,1667453150669312000,'编辑','/admin/app/baseBusinessDict/update',2,1326769583993917440,CURDATE(),1326769583993917440,CURDATE(),1);
INSERT INTO `sdt_sys_perm` VALUES(1667453150677700633,1667453150669312000,'删除','/admin/app/baseBusinessDict/delete',3,1326769583993917440,CURDATE(),1326769583993917440,CURDATE(),1);
INSERT INTO `sdt_sys_perm` VALUES(1667453150677700635,1667453150669312000,'导入','/admin/app/baseBusinessDict/import',4,1326769583993917440,CURDATE(),1326769583993917440,CURDATE(),1);
INSERT INTO `sdt_sys_perm` VALUES(1667453150677700636,1667453150669312000,'批量删除','/admin/app/baseBusinessDict/deleteBatch',5,1326769583993917440,CURDATE(),1326769583993917440,CURDATE(),1);
INSERT INTO `sdt_sys_perm` VALUES(1667453150698672128,1667453150669312000,'分组列表','/admin/app/baseBusinessDict/listWithGroup',6,1326769583993917440,CURDATE(),1326769583993917440,CURDATE(),1);
INSERT INTO `sdt_sys_perm` VALUES(1667453150707060736,1667453150669312000,'显示列表','/admin/app/baseBusinessDict/list',7,1326769583993917440,CURDATE(),1326769583993917440,CURDATE(),1);
INSERT INTO `sdt_sys_perm` VALUES(1667453150707060749,1667453150669312000,'导出','/admin/app/baseBusinessDict/export',8,1326769583993917440,CURDATE(),1326769583993917440,CURDATE(),1);
INSERT INTO `sdt_sys_perm` VALUES(1667453150707060762,1667453150669312000,'详情','/admin/app/baseBusinessDict/view',9,1326769583993917440,CURDATE(),1326769583993917440,CURDATE(),1);
INSERT INTO `sdt_sys_perm` VALUES(1667453150707060764,1667453150669312000,'打印','/admin/app/baseBusinessDict/print',10,1326769583993917440,CURDATE(),1326769583993917440,CURDATE(),1);
INSERT INTO `sdt_sys_perm` VALUES(1667843021766397952,1667843021758009344,'新增','/admin/app/modelDesginField/add',1,1326769583993917440,CURDATE(),1326769583993917440,CURDATE(),1);
INSERT INTO `sdt_sys_perm` VALUES(1667843021766397976,1667843021758009344,'编辑','/admin/app/modelDesginField/update',2,1326769583993917440,CURDATE(),1326769583993917440,CURDATE(),1);
INSERT INTO `sdt_sys_perm` VALUES(1667843021766398001,1667843021758009344,'删除','/admin/app/modelDesginField/delete',3,1326769583993917440,CURDATE(),1326769583993917440,CURDATE(),1);
INSERT INTO `sdt_sys_perm` VALUES(1667843021766398003,1667843021758009344,'导入','/admin/app/modelDesginField/import',4,1326769583993917440,CURDATE(),1326769583993917440,CURDATE(),1);
INSERT INTO `sdt_sys_perm` VALUES(1667843021766398004,1667843021758009344,'批量删除','/admin/app/modelDesginField/deleteBatch',5,1326769583993917440,CURDATE(),1326769583993917440,CURDATE(),1);
INSERT INTO `sdt_sys_perm` VALUES(1667843021783175168,1667843021758009344,'分组列表','/admin/app/modelDesginField/listWithGroup',6,1326769583993917440,CURDATE(),1326769583993917440,CURDATE(),1);
INSERT INTO `sdt_sys_perm` VALUES(1667843021795758080,1667843021758009344,'显示列表','/admin/app/modelDesginField/list',7,1326769583993917440,CURDATE(),1326769583993917440,CURDATE(),1);
INSERT INTO `sdt_sys_perm` VALUES(1667843021795758105,1667843021758009344,'导出','/admin/app/modelDesginField/export',8,1326769583993917440,CURDATE(),1326769583993917440,CURDATE(),1);
INSERT INTO `sdt_sys_perm` VALUES(1667843021795758130,1667843021758009344,'详情','/admin/app/modelDesginField/view',9,1326769583993917440,CURDATE(),1326769583993917440,CURDATE(),1);
INSERT INTO `sdt_sys_perm` VALUES(1667843021795758132,1667843021758009344,'打印','/admin/app/modelDesginField/print',10,1326769583993917440,CURDATE(),1326769583993917440,CURDATE(),1);
INSERT INTO `sdt_sys_perm` VALUES(1667843441742057472,1667843441729474560,'新增','/admin/app/modelLogicalMain/add',1,1326769583993917440,CURDATE(),1326769583993917440,CURDATE(),1);
INSERT INTO `sdt_sys_perm` VALUES(1667843441742057504,1667843441729474560,'编辑','/admin/app/modelLogicalMain/update',2,1326769583993917440,CURDATE(),1326769583993917440,CURDATE(),1);
INSERT INTO `sdt_sys_perm` VALUES(1667843441742057537,1667843441729474560,'删除','/admin/app/modelLogicalMain/delete',3,1326769583993917440,CURDATE(),1326769583993917440,CURDATE(),1);
INSERT INTO `sdt_sys_perm` VALUES(1667843441742057539,1667843441729474560,'导入','/admin/app/modelLogicalMain/import',4,1326769583993917440,CURDATE(),1326769583993917440,CURDATE(),1);
INSERT INTO `sdt_sys_perm` VALUES(1667843441742057540,1667843441729474560,'批量删除','/admin/app/modelLogicalMain/deleteBatch',5,1326769583993917440,CURDATE(),1326769583993917440,CURDATE(),1);
INSERT INTO `sdt_sys_perm` VALUES(1667843441758834688,1667843441729474560,'分组列表','/admin/app/modelLogicalMain/listWithGroup',6,1326769583993917440,CURDATE(),1326769583993917440,CURDATE(),1);
INSERT INTO `sdt_sys_perm` VALUES(1667843441771417600,1667843441729474560,'显示列表','/admin/app/modelLogicalMain/list',7,1326769583993917440,CURDATE(),1326769583993917440,CURDATE(),1);
INSERT INTO `sdt_sys_perm` VALUES(1667843441771417633,1667843441729474560,'导出','/admin/app/modelLogicalMain/export',8,1326769583993917440,CURDATE(),1326769583993917440,CURDATE(),1);
INSERT INTO `sdt_sys_perm` VALUES(1667843441771417666,1667843441729474560,'详情','/admin/app/modelLogicalMain/view',9,1326769583993917440,CURDATE(),1326769583993917440,CURDATE(),1);
INSERT INTO `sdt_sys_perm` VALUES(1667843441771417668,1667843441729474560,'打印','/admin/app/modelLogicalMain/print',10,1326769583993917440,CURDATE(),1326769583993917440,CURDATE(),1);
INSERT INTO `sdt_sys_perm` VALUES(1667843703772811264,1667843703764422656,'新增','/admin/app/modelPhysicsScript/add',1,1326769583993917440,CURDATE(),1326769583993917440,CURDATE(),1);
INSERT INTO `sdt_sys_perm` VALUES(1667843703772811280,1667843703764422656,'编辑','/admin/app/modelPhysicsScript/update',2,1326769583993917440,CURDATE(),1326769583993917440,CURDATE(),1);
INSERT INTO `sdt_sys_perm` VALUES(1667843703772811297,1667843703764422656,'删除','/admin/app/modelPhysicsScript/delete',3,1326769583993917440,CURDATE(),1326769583993917440,CURDATE(),1);
INSERT INTO `sdt_sys_perm` VALUES(1667843703772811299,1667843703764422656,'导入','/admin/app/modelPhysicsScript/import',4,1326769583993917440,CURDATE(),1326769583993917440,CURDATE(),1);
INSERT INTO `sdt_sys_perm` VALUES(1667843703772811300,1667843703764422656,'批量删除','/admin/app/modelPhysicsScript/deleteBatch',5,1326769583993917440,CURDATE(),1326769583993917440,CURDATE(),1);
INSERT INTO `sdt_sys_perm` VALUES(1667843703789588480,1667843703764422656,'分组列表','/admin/app/modelPhysicsScript/listWithGroup',6,1326769583993917440,CURDATE(),1326769583993917440,CURDATE(),1);
INSERT INTO `sdt_sys_perm` VALUES(1667843703797977088,1667843703764422656,'显示列表','/admin/app/modelPhysicsScript/list',7,1326769583993917440,CURDATE(),1326769583993917440,CURDATE(),1);
INSERT INTO `sdt_sys_perm` VALUES(1667843703797977102,1667843703764422656,'导出','/admin/app/modelPhysicsScript/export',8,1326769583993917440,CURDATE(),1326769583993917440,CURDATE(),1);
INSERT INTO `sdt_sys_perm` VALUES(1667843703797977116,1667843703764422656,'详情','/admin/app/modelPhysicsScript/view',9,1326769583993917440,CURDATE(),1326769583993917440,CURDATE(),1);
INSERT INTO `sdt_sys_perm` VALUES(1667843703797977118,1667843703764422656,'打印','/admin/app/modelPhysicsScript/print',10,1326769583993917440,CURDATE(),1326769583993917440,CURDATE(),1);
INSERT INTO `sdt_sys_perm` VALUES(1667844191620698112,1667844191612309504,'新增','/admin/app/planningClassification/add',1,1326769583993917440,CURDATE(),1326769583993917440,CURDATE(),1);
INSERT INTO `sdt_sys_perm` VALUES(1667844191620698125,1667844191612309504,'编辑','/admin/app/planningClassification/update',2,1326769583993917440,CURDATE(),1326769583993917440,CURDATE(),1);
INSERT INTO `sdt_sys_perm` VALUES(1667844191620698139,1667844191612309504,'删除','/admin/app/planningClassification/delete',3,1326769583993917440,CURDATE(),1326769583993917440,CURDATE(),1);
INSERT INTO `sdt_sys_perm` VALUES(1667844191620698141,1667844191612309504,'导入','/admin/app/planningClassification/import',4,1326769583993917440,CURDATE(),1326769583993917440,CURDATE(),1);
INSERT INTO `sdt_sys_perm` VALUES(1667844191620698142,1667844191612309504,'批量删除','/admin/app/planningClassification/deleteBatch',5,1326769583993917440,CURDATE(),1326769583993917440,CURDATE(),1);
INSERT INTO `sdt_sys_perm` VALUES(1667844191633281024,1667844191612309504,'分组列表','/admin/app/planningClassification/listWithGroup',6,1326769583993917440,CURDATE(),1326769583993917440,CURDATE(),1);
INSERT INTO `sdt_sys_perm` VALUES(1667844191641669632,1667844191612309504,'显示列表','/admin/app/planningClassification/list',7,1326769583993917440,CURDATE(),1326769583993917440,CURDATE(),1);
INSERT INTO `sdt_sys_perm` VALUES(1667844191641669646,1667844191612309504,'导出','/admin/app/planningClassification/export',8,1326769583993917440,CURDATE(),1326769583993917440,CURDATE(),1);
INSERT INTO `sdt_sys_perm` VALUES(1667844191641669660,1667844191612309504,'详情','/admin/app/planningClassification/view',9,1326769583993917440,CURDATE(),1326769583993917440,CURDATE(),1);
INSERT INTO `sdt_sys_perm` VALUES(1667844191641669662,1667844191612309504,'打印','/admin/app/planningClassification/print',10,1326769583993917440,CURDATE(),1326769583993917440,CURDATE(),1);
INSERT INTO `sdt_sys_perm` VALUES(1667844419077804032,1667844419069415424,'新增','/admin/app/planningTheme/add',1,1326769583993917440,CURDATE(),1326769583993917440,CURDATE(),1);
INSERT INTO `sdt_sys_perm` VALUES(1667844419077804046,1667844419069415424,'编辑','/admin/app/planningTheme/update',2,1326769583993917440,CURDATE(),1326769583993917440,CURDATE(),1);
INSERT INTO `sdt_sys_perm` VALUES(1667844419077804061,1667844419069415424,'删除','/admin/app/planningTheme/delete',3,1326769583993917440,CURDATE(),1326769583993917440,CURDATE(),1);
INSERT INTO `sdt_sys_perm` VALUES(1667844419077804063,1667844419069415424,'导入','/admin/app/planningTheme/import',4,1326769583993917440,CURDATE(),1326769583993917440,CURDATE(),1);
INSERT INTO `sdt_sys_perm` VALUES(1667844419077804064,1667844419069415424,'批量删除','/admin/app/planningTheme/deleteBatch',5,1326769583993917440,CURDATE(),1326769583993917440,CURDATE(),1);
INSERT INTO `sdt_sys_perm` VALUES(1667844419090386944,1667844419069415424,'分组列表','/admin/app/planningTheme/listWithGroup',6,1326769583993917440,CURDATE(),1326769583993917440,CURDATE(),1);
INSERT INTO `sdt_sys_perm` VALUES(1667844419094581248,1667844419069415424,'显示列表','/admin/app/planningTheme/list',7,1326769583993917440,CURDATE(),1326769583993917440,CURDATE(),1);
INSERT INTO `sdt_sys_perm` VALUES(1667844419094581263,1667844419069415424,'导出','/admin/app/planningTheme/export',8,1326769583993917440,CURDATE(),1326769583993917440,CURDATE(),1);
INSERT INTO `sdt_sys_perm` VALUES(1667844419094581278,1667844419069415424,'详情','/admin/app/planningTheme/view',9,1326769583993917440,CURDATE(),1326769583993917440,CURDATE(),1);
INSERT INTO `sdt_sys_perm` VALUES(1667844419094581280,1667844419069415424,'打印','/admin/app/planningTheme/print',10,1326769583993917440,CURDATE(),1326769583993917440,CURDATE(),1);
INSERT INTO `sdt_sys_perm` VALUES(1667844309237370880,1667844309228982272,'新增','/admin/app/planningProcess/add',1,1326769583993917440,CURDATE(),1326769583993917440,CURDATE(),1);
INSERT INTO `sdt_sys_perm` VALUES(1667844309237370896,1667844309228982272,'编辑','/admin/app/planningProcess/update',2,1326769583993917440,CURDATE(),1326769583993917440,CURDATE(),1);
INSERT INTO `sdt_sys_perm` VALUES(1667844309237370913,1667844309228982272,'删除','/admin/app/planningProcess/delete',3,1326769583993917440,CURDATE(),1326769583993917440,CURDATE(),1);
INSERT INTO `sdt_sys_perm` VALUES(1667844309237370915,1667844309228982272,'导入','/admin/app/planningProcess/import',4,1326769583993917440,CURDATE(),1326769583993917440,CURDATE(),1);
INSERT INTO `sdt_sys_perm` VALUES(1667844309237370916,1667844309228982272,'批量删除','/admin/app/planningProcess/deleteBatch',5,1326769583993917440,CURDATE(),1326769583993917440,CURDATE(),1);
INSERT INTO `sdt_sys_perm` VALUES(1667844309249953792,1667844309228982272,'分组列表','/admin/app/planningProcess/listWithGroup',6,1326769583993917440,CURDATE(),1326769583993917440,CURDATE(),1);
INSERT INTO `sdt_sys_perm` VALUES(1667844309258342400,1667844309228982272,'显示列表','/admin/app/planningProcess/list',7,1326769583993917440,CURDATE(),1326769583993917440,CURDATE(),1);
INSERT INTO `sdt_sys_perm` VALUES(1667844309258342417,1667844309228982272,'导出','/admin/app/planningProcess/export',8,1326769583993917440,CURDATE(),1326769583993917440,CURDATE(),1);
INSERT INTO `sdt_sys_perm` VALUES(1667844309258342434,1667844309228982272,'详情','/admin/app/planningProcess/view',9,1326769583993917440,CURDATE(),1326769583993917440,CURDATE(),1);
INSERT INTO `sdt_sys_perm` VALUES(1667844309258342436,1667844309228982272,'打印','/admin/app/planningProcess/print',10,1326769583993917440,CURDATE(),1326769583993917440,CURDATE(),1);
INSERT INTO `sdt_sys_perm` VALUES(1667844627354357760,1667844627341774848,'新增','/admin/app/planningWarehouseLayer/add',1,1326769583993917440,CURDATE(),1326769583993917440,CURDATE(),1);
INSERT INTO `sdt_sys_perm` VALUES(1667844627354357777,1667844627341774848,'编辑','/admin/app/planningWarehouseLayer/update',2,1326769583993917440,CURDATE(),1326769583993917440,CURDATE(),1);
INSERT INTO `sdt_sys_perm` VALUES(1667844627354357795,1667844627341774848,'删除','/admin/app/planningWarehouseLayer/delete',3,1326769583993917440,CURDATE(),1326769583993917440,CURDATE(),1);
INSERT INTO `sdt_sys_perm` VALUES(1667844627354357797,1667844627341774848,'导入','/admin/app/planningWarehouseLayer/import',4,1326769583993917440,CURDATE(),1326769583993917440,CURDATE(),1);
INSERT INTO `sdt_sys_perm` VALUES(1667844627354357798,1667844627341774848,'批量删除','/admin/app/planningWarehouseLayer/deleteBatch',5,1326769583993917440,CURDATE(),1326769583993917440,CURDATE(),1);
INSERT INTO `sdt_sys_perm` VALUES(1667844627366940672,1667844627341774848,'分组列表','/admin/app/planningWarehouseLayer/listWithGroup',6,1326769583993917440,CURDATE(),1326769583993917440,CURDATE(),1);
INSERT INTO `sdt_sys_perm` VALUES(1667844627371134976,1667844627341774848,'显示列表','/admin/app/planningWarehouseLayer/list',7,1326769583993917440,CURDATE(),1326769583993917440,CURDATE(),1);
INSERT INTO `sdt_sys_perm` VALUES(1667844627371134994,1667844627341774848,'导出','/admin/app/planningWarehouseLayer/export',8,1326769583993917440,CURDATE(),1326769583993917440,CURDATE(),1);
INSERT INTO `sdt_sys_perm` VALUES(1667844627371135012,1667844627341774848,'详情','/admin/app/planningWarehouseLayer/view',9,1326769583993917440,CURDATE(),1326769583993917440,CURDATE(),1);
INSERT INTO `sdt_sys_perm` VALUES(1667844627371135014,1667844627341774848,'打印','/admin/app/planningWarehouseLayer/print',10,1326769583993917440,CURDATE(),1326769583993917440,CURDATE(),1);
INSERT INTO `sdt_sys_perm` VALUES(1667844808812531712,1667844808804143104,'新增','/admin/app/standardDirectory/add',1,1326769583993917440,CURDATE(),1326769583993917440,CURDATE(),1);
INSERT INTO `sdt_sys_perm` VALUES(1667844808812531725,1667844808804143104,'编辑','/admin/app/standardDirectory/update',2,1326769583993917440,CURDATE(),1326769583993917440,CURDATE(),1);
INSERT INTO `sdt_sys_perm` VALUES(1667844808812531739,1667844808804143104,'删除','/admin/app/standardDirectory/delete',3,1326769583993917440,CURDATE(),1326769583993917440,CURDATE(),1);
INSERT INTO `sdt_sys_perm` VALUES(1667844808812531741,1667844808804143104,'导入','/admin/app/standardDirectory/import',4,1326769583993917440,CURDATE(),1326769583993917440,CURDATE(),1);
INSERT INTO `sdt_sys_perm` VALUES(1667844808812531742,1667844808804143104,'批量删除','/admin/app/standardDirectory/deleteBatch',5,1326769583993917440,CURDATE(),1326769583993917440,CURDATE(),1);
INSERT INTO `sdt_sys_perm` VALUES(1667844808825114624,1667844808804143104,'分组列表','/admin/app/standardDirectory/listWithGroup',6,1326769583993917440,CURDATE(),1326769583993917440,CURDATE(),1);
INSERT INTO `sdt_sys_perm` VALUES(1667844808841891840,1667844808804143104,'显示列表','/admin/app/standardDirectory/list',7,1326769583993917440,CURDATE(),1326769583993917440,CURDATE(),1);
INSERT INTO `sdt_sys_perm` VALUES(1667844808841891854,1667844808804143104,'导出','/admin/app/standardDirectory/export',8,1326769583993917440,CURDATE(),1326769583993917440,CURDATE(),1);
INSERT INTO `sdt_sys_perm` VALUES(1667844808841891868,1667844808804143104,'详情','/admin/app/standardDirectory/view',9,1326769583993917440,CURDATE(),1326769583993917440,CURDATE(),1);
INSERT INTO `sdt_sys_perm` VALUES(1667844808841891870,1667844808804143104,'打印','/admin/app/standardDirectory/print',10,1326769583993917440,CURDATE(),1326769583993917440,CURDATE(),1);
INSERT INTO `sdt_sys_perm` VALUES(1667845125641867264,1667845125633478656,'新增','/admin/app/standardMain/add',1,1326769583993917440,CURDATE(),1326769583993917440,CURDATE(),1);
INSERT INTO `sdt_sys_perm` VALUES(1667845125641867282,1667845125633478656,'编辑','/admin/app/standardMain/update',2,1326769583993917440,CURDATE(),1326769583993917440,CURDATE(),1);
INSERT INTO `sdt_sys_perm` VALUES(1667845125641867301,1667845125633478656,'删除','/admin/app/standardMain/delete',3,1326769583993917440,CURDATE(),1326769583993917440,CURDATE(),1);
INSERT INTO `sdt_sys_perm` VALUES(1667845125641867303,1667845125633478656,'导入','/admin/app/standardMain/import',4,1326769583993917440,CURDATE(),1326769583993917440,CURDATE(),1);
INSERT INTO `sdt_sys_perm` VALUES(1667845125641867304,1667845125633478656,'批量删除','/admin/app/standardMain/deleteBatch',5,1326769583993917440,CURDATE(),1326769583993917440,CURDATE(),1);
INSERT INTO `sdt_sys_perm` VALUES(1667845125654450176,1667845125633478656,'分组列表','/admin/app/standardMain/listWithGroup',6,1326769583993917440,CURDATE(),1326769583993917440,CURDATE(),1);
INSERT INTO `sdt_sys_perm` VALUES(1667845125662838784,1667845125633478656,'显示列表','/admin/app/standardMain/list',7,1326769583993917440,CURDATE(),1326769583993917440,CURDATE(),1);
INSERT INTO `sdt_sys_perm` VALUES(1667845125662838803,1667845125633478656,'导出','/admin/app/standardMain/export',8,1326769583993917440,CURDATE(),1326769583993917440,CURDATE(),1);
INSERT INTO `sdt_sys_perm` VALUES(1667845125662838822,1667845125633478656,'详情','/admin/app/standardMain/view',9,1326769583993917440,CURDATE(),1326769583993917440,CURDATE(),1);
INSERT INTO `sdt_sys_perm` VALUES(1667845125662838824,1667845125633478656,'打印','/admin/app/standardMain/print',10,1326769583993917440,CURDATE(),1326769583993917440,CURDATE(),1);
INSERT INTO `sdt_sys_perm` VALUES(1667844913460416512,1667844913452027904,'新增','/admin/app/standardField/add',1,1326769583993917440,CURDATE(),1326769583993917440,CURDATE(),1);
INSERT INTO `sdt_sys_perm` VALUES(1667844913460416524,1667844913452027904,'编辑','/admin/app/standardField/update',2,1326769583993917440,CURDATE(),1326769583993917440,CURDATE(),1);
INSERT INTO `sdt_sys_perm` VALUES(1667844913460416537,1667844913452027904,'删除','/admin/app/standardField/delete',3,1326769583993917440,CURDATE(),1326769583993917440,CURDATE(),1);
INSERT INTO `sdt_sys_perm` VALUES(1667844913460416539,1667844913452027904,'导入','/admin/app/standardField/import',4,1326769583993917440,CURDATE(),1326769583993917440,CURDATE(),1);
INSERT INTO `sdt_sys_perm` VALUES(1667844913460416540,1667844913452027904,'批量删除','/admin/app/standardField/deleteBatch',5,1326769583993917440,CURDATE(),1326769583993917440,CURDATE(),1);
INSERT INTO `sdt_sys_perm` VALUES(1667844913472999424,1667844913452027904,'分组列表','/admin/app/standardField/listWithGroup',6,1326769583993917440,CURDATE(),1326769583993917440,CURDATE(),1);
INSERT INTO `sdt_sys_perm` VALUES(1667844913477193728,1667844913452027904,'显示列表','/admin/app/standardField/list',7,1326769583993917440,CURDATE(),1326769583993917440,CURDATE(),1);
INSERT INTO `sdt_sys_perm` VALUES(1667844913477193741,1667844913452027904,'导出','/admin/app/standardField/export',8,1326769583993917440,CURDATE(),1326769583993917440,CURDATE(),1);
INSERT INTO `sdt_sys_perm` VALUES(1667844913477193754,1667844913452027904,'详情','/admin/app/standardField/view',9,1326769583993917440,CURDATE(),1326769583993917440,CURDATE(),1);
INSERT INTO `sdt_sys_perm` VALUES(1667844913477193756,1667844913452027904,'打印','/admin/app/standardField/print',10,1326769583993917440,CURDATE(),1326769583993917440,CURDATE(),1);
INSERT INTO `sdt_sys_perm` VALUES(1667896925992521728,1667844913452027904,'新增数据规划-数据标准-数据质量表','/admin/app/standardField/addStandardFieldQuality',11,1326769583993917440,CURDATE(),1326769583993917440,CURDATE(),1);
INSERT INTO `sdt_sys_perm` VALUES(1667896925992521731,1667844913452027904,'详情数据规划-数据标准-数据质量表','/admin/app/standardField/viewStandardFieldQuality',12,1326769583993917440,CURDATE(),1326769583993917440,CURDATE(),1);
INSERT INTO `sdt_sys_perm` VALUES(1667896925992521734,1667844913452027904,'编辑数据规划-数据标准-数据质量表','/admin/app/standardField/updateStandardFieldQuality',13,1326769583993917440,CURDATE(),1326769583993917440,CURDATE(),1);
INSERT INTO `sdt_sys_perm` VALUES(1667896925992521746,1667844913452027904,'移除数据规划-数据标准-数据质量表','/admin/app/standardField/deleteStandardFieldQuality',14,1326769583993917440,CURDATE(),1326769583993917440,CURDATE(),1);
INSERT INTO `sdt_sys_perm` VALUES(1667896925992521749,1667844913452027904,'批量移除数据规划-数据标准-数据质量表','/admin/app/standardField/deleteStandardFieldQualityList',15,1326769583993917440,CURDATE(),1326769583993917440,CURDATE(),1);
INSERT INTO `sdt_sys_perm` VALUES(1667896925992521751,1667844913452027904,'数据规划-数据标准-数据质量表列表','/admin/app/standardField/listStandardFieldQuality',16,1326769583993917440,CURDATE(),1326769583993917440,CURDATE(),1);
INSERT INTO `sdt_sys_perm` VALUES(1667896925992521779,1667844913452027904,'数据规划-数据标准-数据质量表未关联列表','/admin/app/standardField/listNotInStandardFieldQuality',17,1326769583993917440,CURDATE(),1326769583993917440,CURDATE(),1);
INSERT INTO `sdt_sys_perm` VALUES(1667845029541974016,1667845029525196800,'新增','/admin/app/standardFieldQuality/add',1,1326769583993917440,CURDATE(),1326769583993917440,CURDATE(),1);
INSERT INTO `sdt_sys_perm` VALUES(1667845029541974027,1667845029525196800,'编辑','/admin/app/standardFieldQuality/update',2,1326769583993917440,CURDATE(),1326769583993917440,CURDATE(),1);
INSERT INTO `sdt_sys_perm` VALUES(1667845029541974039,1667845029525196800,'删除','/admin/app/standardFieldQuality/delete',3,1326769583993917440,CURDATE(),1326769583993917440,CURDATE(),1);
INSERT INTO `sdt_sys_perm` VALUES(1667845029541974041,1667845029525196800,'导入','/admin/app/standardFieldQuality/import',4,1326769583993917440,CURDATE(),1326769583993917440,CURDATE(),1);
INSERT INTO `sdt_sys_perm` VALUES(1667845029541974042,1667845029525196800,'批量删除','/admin/app/standardFieldQuality/deleteBatch',5,1326769583993917440,CURDATE(),1326769583993917440,CURDATE(),1);
INSERT INTO `sdt_sys_perm` VALUES(1667845029554556928,1667845029525196800,'分组列表','/admin/app/standardFieldQuality/listWithGroup',6,1326769583993917440,CURDATE(),1326769583993917440,CURDATE(),1);
INSERT INTO `sdt_sys_perm` VALUES(1667845029562945536,1667845029525196800,'显示列表','/admin/app/standardFieldQuality/list',7,1326769583993917440,CURDATE(),1326769583993917440,CURDATE(),1);
INSERT INTO `sdt_sys_perm` VALUES(1667845029562945547,1667845029525196800,'导出','/admin/app/standardFieldQuality/export',8,1326769583993917440,CURDATE(),1326769583993917440,CURDATE(),1);
INSERT INTO `sdt_sys_perm` VALUES(1667845029562945558,1667845029525196800,'详情','/admin/app/standardFieldQuality/view',9,1326769583993917440,CURDATE(),1326769583993917440,CURDATE(),1);
INSERT INTO `sdt_sys_perm` VALUES(1667845029562945560,1667845029525196800,'打印','/admin/app/standardFieldQuality/print',10,1326769583993917440,CURDATE(),1326769583993917440,CURDATE(),1);
INSERT INTO `sdt_sys_perm` VALUES(1667845239462694912,1667845239454306304,'新增','/admin/app/standardQuality/add',1,1326769583993917440,CURDATE(),1326769583993917440,CURDATE(),1);
INSERT INTO `sdt_sys_perm` VALUES(1667845239462694928,1667845239454306304,'编辑','/admin/app/standardQuality/update',2,1326769583993917440,CURDATE(),1326769583993917440,CURDATE(),1);
INSERT INTO `sdt_sys_perm` VALUES(1667845239462694945,1667845239454306304,'删除','/admin/app/standardQuality/delete',3,1326769583993917440,CURDATE(),1326769583993917440,CURDATE(),1);
INSERT INTO `sdt_sys_perm` VALUES(1667845239462694947,1667845239454306304,'导入','/admin/app/standardQuality/import',4,1326769583993917440,CURDATE(),1326769583993917440,CURDATE(),1);
INSERT INTO `sdt_sys_perm` VALUES(1667845239462694948,1667845239454306304,'批量删除','/admin/app/standardQuality/deleteBatch',5,1326769583993917440,CURDATE(),1326769583993917440,CURDATE(),1);
INSERT INTO `sdt_sys_perm` VALUES(1667845239475277824,1667845239454306304,'分组列表','/admin/app/standardQuality/listWithGroup',6,1326769583993917440,CURDATE(),1326769583993917440,CURDATE(),1);
INSERT INTO `sdt_sys_perm` VALUES(1667845239479472128,1667845239454306304,'显示列表','/admin/app/standardQuality/list',7,1326769583993917440,CURDATE(),1326769583993917440,CURDATE(),1);
INSERT INTO `sdt_sys_perm` VALUES(1667845239479472145,1667845239454306304,'导出','/admin/app/standardQuality/export',8,1326769583993917440,CURDATE(),1326769583993917440,CURDATE(),1);
INSERT INTO `sdt_sys_perm` VALUES(1667845239479472162,1667845239454306304,'详情','/admin/app/standardQuality/view',9,1326769583993917440,CURDATE(),1326769583993917440,CURDATE(),1);
INSERT INTO `sdt_sys_perm` VALUES(1667845239479472164,1667845239454306304,'打印','/admin/app/standardQuality/print',10,1326769583993917440,CURDATE(),1326769583993917440,CURDATE(),1);
INSERT INTO `sdt_sys_perm` VALUES(1680835874452934656,1680835874440351744,'新增','/admin/app/baseBusinessFile/add',1,1326769583993917440,CURDATE(),1326769583993917440,CURDATE(),1);
INSERT INTO `sdt_sys_perm` VALUES(1680835874452934671,1680835874440351744,'编辑','/admin/app/baseBusinessFile/update',2,1326769583993917440,CURDATE(),1326769583993917440,CURDATE(),1);
INSERT INTO `sdt_sys_perm` VALUES(1680835874452934687,1680835874440351744,'删除','/admin/app/baseBusinessFile/delete',3,1326769583993917440,CURDATE(),1326769583993917440,CURDATE(),1);
INSERT INTO `sdt_sys_perm` VALUES(1680835874452934689,1680835874440351744,'导入','/admin/app/baseBusinessFile/import',4,1326769583993917440,CURDATE(),1326769583993917440,CURDATE(),1);
INSERT INTO `sdt_sys_perm` VALUES(1680835874452934690,1680835874440351744,'批量删除','/admin/app/baseBusinessFile/deleteBatch',5,1326769583993917440,CURDATE(),1326769583993917440,CURDATE(),1);
INSERT INTO `sdt_sys_perm` VALUES(1680835874465517568,1680835874440351744,'分组列表','/admin/app/baseBusinessFile/listWithGroup',6,1326769583993917440,CURDATE(),1326769583993917440,CURDATE(),1);
INSERT INTO `sdt_sys_perm` VALUES(1680835874473906176,1680835874440351744,'显示列表','/admin/app/baseBusinessFile/list',7,1326769583993917440,CURDATE(),1326769583993917440,CURDATE(),1);
INSERT INTO `sdt_sys_perm` VALUES(1680835874473906191,1680835874440351744,'导出','/admin/app/baseBusinessFile/export',8,1326769583993917440,CURDATE(),1326769583993917440,CURDATE(),1);
INSERT INTO `sdt_sys_perm` VALUES(1680835874473906206,1680835874440351744,'详情','/admin/app/baseBusinessFile/view',9,1326769583993917440,CURDATE(),1326769583993917440,CURDATE(),1);
INSERT INTO `sdt_sys_perm` VALUES(1680835874473906208,1680835874440351744,'打印','/admin/app/baseBusinessFile/print',10,1326769583993917440,CURDATE(),1326769583993917440,CURDATE(),1);
INSERT INTO `sdt_sys_perm` VALUES(1680832785629057036,1680835874440351744,'基础业务附件表文件上传','/admin/app/baseBusinessFile/upload',11,1326769583993917440,CURDATE(),1326769583993917440,CURDATE(),1);
INSERT INTO `sdt_sys_perm` VALUES(1680831116480614412,1680835874440351744,'基础业务附件表文件下载','/admin/app/baseBusinessFile/download',12,1326769583993917440,CURDATE(),1326769583993917440,CURDATE(),1);
INSERT INTO `sdt_sys_perm` VALUES(1680836003033518080,1680836003020935168,'新增','/admin/app/definitionDimension/add',1,1326769583993917440,CURDATE(),1326769583993917440,CURDATE(),1);
INSERT INTO `sdt_sys_perm` VALUES(1680836003033518100,1680836003020935168,'编辑','/admin/app/definitionDimension/update',2,1326769583993917440,CURDATE(),1326769583993917440,CURDATE(),1);
INSERT INTO `sdt_sys_perm` VALUES(1680836003033518121,1680836003020935168,'删除','/admin/app/definitionDimension/delete',3,1326769583993917440,CURDATE(),1326769583993917440,CURDATE(),1);
INSERT INTO `sdt_sys_perm` VALUES(1680836003033518123,1680836003020935168,'导入','/admin/app/definitionDimension/import',4,1326769583993917440,CURDATE(),1326769583993917440,CURDATE(),1);
INSERT INTO `sdt_sys_perm` VALUES(1680836003033518124,1680836003020935168,'批量删除','/admin/app/definitionDimension/deleteBatch',5,1326769583993917440,CURDATE(),1326769583993917440,CURDATE(),1);
INSERT INTO `sdt_sys_perm` VALUES(1680836003046100992,1680836003020935168,'分组列表','/admin/app/definitionDimension/listWithGroup',6,1326769583993917440,CURDATE(),1326769583993917440,CURDATE(),1);
INSERT INTO `sdt_sys_perm` VALUES(1680836003071266816,1680836003020935168,'显示列表','/admin/app/definitionDimension/list',7,1326769583993917440,CURDATE(),1326769583993917440,CURDATE(),1);
INSERT INTO `sdt_sys_perm` VALUES(1680836003071266837,1680836003020935168,'导出','/admin/app/definitionDimension/export',8,1326769583993917440,CURDATE(),1326769583993917440,CURDATE(),1);
INSERT INTO `sdt_sys_perm` VALUES(1680836003071266858,1680836003020935168,'详情','/admin/app/definitionDimension/view',9,1326769583993917440,CURDATE(),1326769583993917440,CURDATE(),1);
INSERT INTO `sdt_sys_perm` VALUES(1680836003071266860,1680836003020935168,'打印','/admin/app/definitionDimension/print',10,1326769583993917440,CURDATE(),1326769583993917440,CURDATE(),1);
INSERT INTO `sdt_sys_perm` VALUES(1680836094867804160,1680836094851026944,'新增','/admin/app/definitionDimensionLevel/add',1,1326769583993917440,CURDATE(),1326769583993917440,CURDATE(),1);
INSERT INTO `sdt_sys_perm` VALUES(1680836094867804174,1680836094851026944,'编辑','/admin/app/definitionDimensionLevel/update',2,1326769583993917440,CURDATE(),1326769583993917440,CURDATE(),1);
INSERT INTO `sdt_sys_perm` VALUES(1680836094867804189,1680836094851026944,'删除','/admin/app/definitionDimensionLevel/delete',3,1326769583993917440,CURDATE(),1326769583993917440,CURDATE(),1);
INSERT INTO `sdt_sys_perm` VALUES(1680836094867804191,1680836094851026944,'导入','/admin/app/definitionDimensionLevel/import',4,1326769583993917440,CURDATE(),1326769583993917440,CURDATE(),1);
INSERT INTO `sdt_sys_perm` VALUES(1680836094867804192,1680836094851026944,'批量删除','/admin/app/definitionDimensionLevel/deleteBatch',5,1326769583993917440,CURDATE(),1326769583993917440,CURDATE(),1);
INSERT INTO `sdt_sys_perm` VALUES(1680836094884581376,1680836094851026944,'分组列表','/admin/app/definitionDimensionLevel/listWithGroup',6,1326769583993917440,CURDATE(),1326769583993917440,CURDATE(),1);
INSERT INTO `sdt_sys_perm` VALUES(1680836094897164288,1680836094851026944,'显示列表','/admin/app/definitionDimensionLevel/list',7,1326769583993917440,CURDATE(),1326769583993917440,CURDATE(),1);
INSERT INTO `sdt_sys_perm` VALUES(1680836094897164303,1680836094851026944,'导出','/admin/app/definitionDimensionLevel/export',8,1326769583993917440,CURDATE(),1326769583993917440,CURDATE(),1);
INSERT INTO `sdt_sys_perm` VALUES(1680836094897164318,1680836094851026944,'详情','/admin/app/definitionDimensionLevel/view',9,1326769583993917440,CURDATE(),1326769583993917440,CURDATE(),1);
INSERT INTO `sdt_sys_perm` VALUES(1680836094897164320,1680836094851026944,'打印','/admin/app/definitionDimensionLevel/print',10,1326769583993917440,CURDATE(),1326769583993917440,CURDATE(),1);
INSERT INTO `sdt_sys_perm` VALUES(1680836194616741888,1680836194604158976,'新增','/admin/app/definitionDimensionPropertyColumn/add',1,1326769583993917440,CURDATE(),1326769583993917440,CURDATE(),1);
INSERT INTO `sdt_sys_perm` VALUES(1680836194616741903,1680836194604158976,'编辑','/admin/app/definitionDimensionPropertyColumn/update',2,1326769583993917440,CURDATE(),1326769583993917440,CURDATE(),1);
INSERT INTO `sdt_sys_perm` VALUES(1680836194616741919,1680836194604158976,'删除','/admin/app/definitionDimensionPropertyColumn/delete',3,1326769583993917440,CURDATE(),1326769583993917440,CURDATE(),1);
INSERT INTO `sdt_sys_perm` VALUES(1680836194616741921,1680836194604158976,'导入','/admin/app/definitionDimensionPropertyColumn/import',4,1326769583993917440,CURDATE(),1326769583993917440,CURDATE(),1);
INSERT INTO `sdt_sys_perm` VALUES(1680836194616741922,1680836194604158976,'批量删除','/admin/app/definitionDimensionPropertyColumn/deleteBatch',5,1326769583993917440,CURDATE(),1326769583993917440,CURDATE(),1);
INSERT INTO `sdt_sys_perm` VALUES(1680836194629324800,1680836194604158976,'分组列表','/admin/app/definitionDimensionPropertyColumn/listWithGroup',6,1326769583993917440,CURDATE(),1326769583993917440,CURDATE(),1);
INSERT INTO `sdt_sys_perm` VALUES(1680836194633519104,1680836194604158976,'显示列表','/admin/app/definitionDimensionPropertyColumn/list',7,1326769583993917440,CURDATE(),1326769583993917440,CURDATE(),1);
INSERT INTO `sdt_sys_perm` VALUES(1680836194633519120,1680836194604158976,'导出','/admin/app/definitionDimensionPropertyColumn/export',8,1326769583993917440,CURDATE(),1326769583993917440,CURDATE(),1);
INSERT INTO `sdt_sys_perm` VALUES(1680836194633519136,1680836194604158976,'详情','/admin/app/definitionDimensionPropertyColumn/view',9,1326769583993917440,CURDATE(),1326769583993917440,CURDATE(),1);
INSERT INTO `sdt_sys_perm` VALUES(1680836194633519138,1680836194604158976,'打印','/admin/app/definitionDimensionPropertyColumn/print',10,1326769583993917440,CURDATE(),1326769583993917440,CURDATE(),1);
INSERT INTO `sdt_sys_perm` VALUES(1680875714649264128,1680875714640875520,'新增','/admin/app/definitionDimensionPublishRecord/add',1,1326769583993917440,CURDATE(),1326769583993917440,CURDATE(),1);
INSERT INTO `sdt_sys_perm` VALUES(1680875714649264143,1680875714640875520,'编辑','/admin/app/definitionDimensionPublishRecord/update',2,1326769583993917440,CURDATE(),1326769583993917440,CURDATE(),1);
INSERT INTO `sdt_sys_perm` VALUES(1680875714649264159,1680875714640875520,'删除','/admin/app/definitionDimensionPublishRecord/delete',3,1326769583993917440,CURDATE(),1326769583993917440,CURDATE(),1);
INSERT INTO `sdt_sys_perm` VALUES(1680875714649264161,1680875714640875520,'导入','/admin/app/definitionDimensionPublishRecord/import',4,1326769583993917440,CURDATE(),1326769583993917440,CURDATE(),1);
INSERT INTO `sdt_sys_perm` VALUES(1680875714649264162,1680875714640875520,'批量删除','/admin/app/definitionDimensionPublishRecord/deleteBatch',5,1326769583993917440,CURDATE(),1326769583993917440,CURDATE(),1);
INSERT INTO `sdt_sys_perm` VALUES(1680875714661847040,1680875714640875520,'分组列表','/admin/app/definitionDimensionPublishRecord/listWithGroup',6,1326769583993917440,CURDATE(),1326769583993917440,CURDATE(),1);
INSERT INTO `sdt_sys_perm` VALUES(1680875714670235648,1680875714640875520,'显示列表','/admin/app/definitionDimensionPublishRecord/list',7,1326769583993917440,CURDATE(),1326769583993917440,CURDATE(),1);
INSERT INTO `sdt_sys_perm` VALUES(1680875714670235664,1680875714640875520,'导出','/admin/app/definitionDimensionPublishRecord/export',8,1326769583993917440,CURDATE(),1326769583993917440,CURDATE(),1);
INSERT INTO `sdt_sys_perm` VALUES(1680875714670235680,1680875714640875520,'详情','/admin/app/definitionDimensionPublishRecord/view',9,1326769583993917440,CURDATE(),1326769583993917440,CURDATE(),1);
INSERT INTO `sdt_sys_perm` VALUES(1680875714670235682,1680875714640875520,'打印','/admin/app/definitionDimensionPublishRecord/print',10,1326769583993917440,CURDATE(),1326769583993917440,CURDATE(),1);
INSERT INTO `sdt_sys_perm` VALUES(1680875783498764288,1680875783486181376,'新增','/admin/app/definitionIndex/add',1,1326769583993917440,CURDATE(),1326769583993917440,CURDATE(),1);
INSERT INTO `sdt_sys_perm` VALUES(1680875783498764312,1680875783486181376,'编辑','/admin/app/definitionIndex/update',2,1326769583993917440,CURDATE(),1326769583993917440,CURDATE(),1);
INSERT INTO `sdt_sys_perm` VALUES(1680875783498764337,1680875783486181376,'删除','/admin/app/definitionIndex/delete',3,1326769583993917440,CURDATE(),1326769583993917440,CURDATE(),1);
INSERT INTO `sdt_sys_perm` VALUES(1680875783498764339,1680875783486181376,'导入','/admin/app/definitionIndex/import',4,1326769583993917440,CURDATE(),1326769583993917440,CURDATE(),1);
INSERT INTO `sdt_sys_perm` VALUES(1680875783498764340,1680875783486181376,'批量删除','/admin/app/definitionIndex/deleteBatch',5,1326769583993917440,CURDATE(),1326769583993917440,CURDATE(),1);
INSERT INTO `sdt_sys_perm` VALUES(1680875783515541504,1680875783486181376,'分组列表','/admin/app/definitionIndex/listWithGroup',6,1326769583993917440,CURDATE(),1326769583993917440,CURDATE(),1);
INSERT INTO `sdt_sys_perm` VALUES(1680875783523930112,1680875783486181376,'显示列表','/admin/app/definitionIndex/list',7,1326769583993917440,CURDATE(),1326769583993917440,CURDATE(),1);
INSERT INTO `sdt_sys_perm` VALUES(1680875783523930137,1680875783486181376,'导出','/admin/app/definitionIndex/export',8,1326769583993917440,CURDATE(),1326769583993917440,CURDATE(),1);
INSERT INTO `sdt_sys_perm` VALUES(1680875783523930162,1680875783486181376,'详情','/admin/app/definitionIndex/view',9,1326769583993917440,CURDATE(),1326769583993917440,CURDATE(),1);
INSERT INTO `sdt_sys_perm` VALUES(1680875783523930164,1680875783486181376,'打印','/admin/app/definitionIndex/print',10,1326769583993917440,CURDATE(),1326769583993917440,CURDATE(),1);
INSERT INTO `sdt_sys_perm` VALUES(1719367957533954048,1680875783486181376,'新增数据规划-模型设计-模型字段表','/admin/app/definitionIndex/addDefinitionIndexModelFieldRelation',11,1326769583993917440,CURDATE(),1326769583993917440,CURDATE(),1);
INSERT INTO `sdt_sys_perm` VALUES(1719367957533954051,1680875783486181376,'详情数据规划-模型设计-模型字段表','/admin/app/definitionIndex/viewDefinitionIndexModelFieldRelation',12,1326769583993917440,CURDATE(),1326769583993917440,CURDATE(),1);
INSERT INTO `sdt_sys_perm` VALUES(1719367957533954054,1680875783486181376,'编辑数据规划-模型设计-模型字段表','/admin/app/definitionIndex/updateDefinitionIndexModelFieldRelation',13,1326769583993917440,CURDATE(),1326769583993917440,CURDATE(),1);
INSERT INTO `sdt_sys_perm` VALUES(1719367957533954069,1680875783486181376,'移除数据规划-模型设计-模型字段表','/admin/app/definitionIndex/deleteDefinitionIndexModelFieldRelation',14,1326769583993917440,CURDATE(),1326769583993917440,CURDATE(),1);
INSERT INTO `sdt_sys_perm` VALUES(1719367957533954072,1680875783486181376,'批量移除数据规划-模型设计-模型字段表','/admin/app/definitionIndex/deleteDefinitionIndexModelFieldRelationList',15,1326769583993917440,CURDATE(),1326769583993917440,CURDATE(),1);
INSERT INTO `sdt_sys_perm` VALUES(1719367957533954074,1680875783486181376,'数据规划-模型设计-模型字段表列表','/admin/app/definitionIndex/listDefinitionIndexModelFieldRelation',16,1326769583993917440,CURDATE(),1326769583993917440,CURDATE(),1);
INSERT INTO `sdt_sys_perm` VALUES(1719367957533954115,1680875783486181376,'数据规划-模型设计-模型字段表未关联列表','/admin/app/definitionIndex/listNotInDefinitionIndexModelFieldRelation',17,1326769583993917440,CURDATE(),1326769583993917440,CURDATE(),1);
INSERT INTO `sdt_sys_perm` VALUES(1715012417865388032,1715012417856999424,'新增','/admin/app/devLiteflowNode/add',1,1326769583993917440,CURDATE(),1326769583993917440,CURDATE(),1);
INSERT INTO `sdt_sys_perm` VALUES(1715012417865388044,1715012417856999424,'编辑','/admin/app/devLiteflowNode/update',2,1326769583993917440,CURDATE(),1326769583993917440,CURDATE(),1);
INSERT INTO `sdt_sys_perm` VALUES(1715012417865388057,1715012417856999424,'删除','/admin/app/devLiteflowNode/delete',3,1326769583993917440,CURDATE(),1326769583993917440,CURDATE(),1);
INSERT INTO `sdt_sys_perm` VALUES(1715012417865388059,1715012417856999424,'导入','/admin/app/devLiteflowNode/import',4,1326769583993917440,CURDATE(),1326769583993917440,CURDATE(),1);
INSERT INTO `sdt_sys_perm` VALUES(1715012417865388060,1715012417856999424,'批量删除','/admin/app/devLiteflowNode/deleteBatch',5,1326769583993917440,CURDATE(),1326769583993917440,CURDATE(),1);
INSERT INTO `sdt_sys_perm` VALUES(1715012417877970944,1715012417856999424,'显示列表','/admin/app/devLiteflowNode/list',6,1326769583993917440,CURDATE(),1326769583993917440,CURDATE(),1);
INSERT INTO `sdt_sys_perm` VALUES(1715012417877970956,1715012417856999424,'导出','/admin/app/devLiteflowNode/export',7,1326769583993917440,CURDATE(),1326769583993917440,CURDATE(),1);
INSERT INTO `sdt_sys_perm` VALUES(1715012417877970968,1715012417856999424,'详情','/admin/app/devLiteflowNode/view',8,1326769583993917440,CURDATE(),1326769583993917440,CURDATE(),1);
INSERT INTO `sdt_sys_perm` VALUES(1715012417877970970,1715012417856999424,'打印','/admin/app/devLiteflowNode/print',9,1326769583993917440,CURDATE(),1326769583993917440,CURDATE(),1);
INSERT INTO `sdt_sys_perm` VALUES(1719179965481619456,1719179965473230848,'新增','/admin/app/devLiteflowLog/add',1,1326769583993917440,CURDATE(),1326769583993917440,CURDATE(),1);
INSERT INTO `sdt_sys_perm` VALUES(1719179965481619471,1719179965473230848,'编辑','/admin/app/devLiteflowLog/update',2,1326769583993917440,CURDATE(),1326769583993917440,CURDATE(),1);
INSERT INTO `sdt_sys_perm` VALUES(1719179965481619487,1719179965473230848,'删除','/admin/app/devLiteflowLog/delete',3,1326769583993917440,CURDATE(),1326769583993917440,CURDATE(),1);
INSERT INTO `sdt_sys_perm` VALUES(1719179965481619489,1719179965473230848,'导入','/admin/app/devLiteflowLog/import',4,1326769583993917440,CURDATE(),1326769583993917440,CURDATE(),1);
INSERT INTO `sdt_sys_perm` VALUES(1719179965481619490,1719179965473230848,'批量删除','/admin/app/devLiteflowLog/deleteBatch',5,1326769583993917440,CURDATE(),1326769583993917440,CURDATE(),1);
INSERT INTO `sdt_sys_perm` VALUES(1719179965494202368,1719179965473230848,'显示列表','/admin/app/devLiteflowLog/list',6,1326769583993917440,CURDATE(),1326769583993917440,CURDATE(),1);
INSERT INTO `sdt_sys_perm` VALUES(1719179965494202383,1719179965473230848,'导出','/admin/app/devLiteflowLog/export',7,1326769583993917440,CURDATE(),1326769583993917440,CURDATE(),1);
INSERT INTO `sdt_sys_perm` VALUES(1719179965494202398,1719179965473230848,'详情','/admin/app/devLiteflowLog/view',8,1326769583993917440,CURDATE(),1326769583993917440,CURDATE(),1);
INSERT INTO `sdt_sys_perm` VALUES(1719179965494202400,1719179965473230848,'打印','/admin/app/devLiteflowLog/print',9,1326769583993917440,CURDATE(),1326769583993917440,CURDATE(),1);
INSERT INTO `sdt_sys_perm` VALUES(1719179409140748295,1719179965473230848,'数据开发-liteflow-日志表文件上传','/admin/app/devLiteflowLog/upload',10,1326769583993917440,CURDATE(),1326769583993917440,CURDATE(),1);
INSERT INTO `sdt_sys_perm` VALUES(1719178274543767558,1719179965473230848,'数据开发-liteflow-日志表文件下载','/admin/app/devLiteflowLog/download',11,1326769583993917440,CURDATE(),1326769583993917440,CURDATE(),1);
INSERT INTO `sdt_sys_perm` VALUES(1715012560274591744,1715012560266203136,'新增','/admin/app/devLiteflowScript/add',1,1326769583993917440,CURDATE(),1326769583993917440,CURDATE(),1);
INSERT INTO `sdt_sys_perm` VALUES(1715012560274591759,1715012560266203136,'编辑','/admin/app/devLiteflowScript/update',2,1326769583993917440,CURDATE(),1326769583993917440,CURDATE(),1);
INSERT INTO `sdt_sys_perm` VALUES(1715012560274591775,1715012560266203136,'删除','/admin/app/devLiteflowScript/delete',3,1326769583993917440,CURDATE(),1326769583993917440,CURDATE(),1);
INSERT INTO `sdt_sys_perm` VALUES(1715012560274591777,1715012560266203136,'导入','/admin/app/devLiteflowScript/import',4,1326769583993917440,CURDATE(),1326769583993917440,CURDATE(),1);
INSERT INTO `sdt_sys_perm` VALUES(1715012560274591778,1715012560266203136,'批量删除','/admin/app/devLiteflowScript/deleteBatch',5,1326769583993917440,CURDATE(),1326769583993917440,CURDATE(),1);
INSERT INTO `sdt_sys_perm` VALUES(1715012560287174656,1715012560266203136,'显示列表','/admin/app/devLiteflowScript/list',6,1326769583993917440,CURDATE(),1326769583993917440,CURDATE(),1);
INSERT INTO `sdt_sys_perm` VALUES(1715012560287174671,1715012560266203136,'导出','/admin/app/devLiteflowScript/export',7,1326769583993917440,CURDATE(),1326769583993917440,CURDATE(),1);
INSERT INTO `sdt_sys_perm` VALUES(1715012560287174686,1715012560266203136,'详情','/admin/app/devLiteflowScript/view',8,1326769583993917440,CURDATE(),1326769583993917440,CURDATE(),1);
INSERT INTO `sdt_sys_perm` VALUES(1715012560287174688,1715012560266203136,'打印','/admin/app/devLiteflowScript/print',9,1326769583993917440,CURDATE(),1326769583993917440,CURDATE(),1);
INSERT INTO `sdt_sys_perm` VALUES(1717465853382889472,1717465853236088832,'新增','/admin/app/devConsole/add',1,1326769583993917440,CURDATE(),1326769583993917440,CURDATE(),1);
INSERT INTO `sdt_sys_perm` VALUES(1717465853382889484,1717465853236088832,'编辑','/admin/app/devConsole/update',2,1326769583993917440,CURDATE(),1326769583993917440,CURDATE(),1);
INSERT INTO `sdt_sys_perm` VALUES(1717465853382889497,1717465853236088832,'删除','/admin/app/devConsole/delete',3,1326769583993917440,CURDATE(),1326769583993917440,CURDATE(),1);
INSERT INTO `sdt_sys_perm` VALUES(1717465853382889499,1717465853236088832,'导入','/admin/app/devConsole/import',4,1326769583993917440,CURDATE(),1326769583993917440,CURDATE(),1);
INSERT INTO `sdt_sys_perm` VALUES(1717465853382889500,1717465853236088832,'批量删除','/admin/app/devConsole/deleteBatch',5,1326769583993917440,CURDATE(),1326769583993917440,CURDATE(),1);
INSERT INTO `sdt_sys_perm` VALUES(1717465853399666688,1717465853236088832,'显示列表','/admin/app/devConsole/list',6,1326769583993917440,CURDATE(),1326769583993917440,CURDATE(),1);
INSERT INTO `sdt_sys_perm` VALUES(1717465853399666699,1717465853236088832,'导出','/admin/app/devConsole/export',7,1326769583993917440,CURDATE(),1326769583993917440,CURDATE(),1);
INSERT INTO `sdt_sys_perm` VALUES(1717465853399666710,1717465853236088832,'详情','/admin/app/devConsole/view',8,1326769583993917440,CURDATE(),1326769583993917440,CURDATE(),1);
INSERT INTO `sdt_sys_perm` VALUES(1717465853399666712,1717465853236088832,'打印','/admin/app/devConsole/print',9,1326769583993917440,CURDATE(),1326769583993917440,CURDATE(),1);
INSERT INTO `sdt_sys_perm` VALUES(1719368093756559360,1719368093748170752,'新增','/admin/app/definitionIndexModelFieldRelation/add',1,1326769583993917440,CURDATE(),1326769583993917440,CURDATE(),1);
INSERT INTO `sdt_sys_perm` VALUES(1719368093756559374,1719368093748170752,'编辑','/admin/app/definitionIndexModelFieldRelation/update',2,1326769583993917440,CURDATE(),1326769583993917440,CURDATE(),1);
INSERT INTO `sdt_sys_perm` VALUES(1719368093756559389,1719368093748170752,'删除','/admin/app/definitionIndexModelFieldRelation/delete',3,1326769583993917440,CURDATE(),1326769583993917440,CURDATE(),1);
INSERT INTO `sdt_sys_perm` VALUES(1719368093756559391,1719368093748170752,'导入','/admin/app/definitionIndexModelFieldRelation/import',4,1326769583993917440,CURDATE(),1326769583993917440,CURDATE(),1);
INSERT INTO `sdt_sys_perm` VALUES(1719368093756559392,1719368093748170752,'批量删除','/admin/app/definitionIndexModelFieldRelation/deleteBatch',5,1326769583993917440,CURDATE(),1326769583993917440,CURDATE(),1);
INSERT INTO `sdt_sys_perm` VALUES(1719368093769142272,1719368093748170752,'显示列表','/admin/app/definitionIndexModelFieldRelation/list',6,1326769583993917440,CURDATE(),1326769583993917440,CURDATE(),1);
INSERT INTO `sdt_sys_perm` VALUES(1719368093769142284,1719368093748170752,'导出','/admin/app/definitionIndexModelFieldRelation/export',7,1326769583993917440,CURDATE(),1326769583993917440,CURDATE(),1);
INSERT INTO `sdt_sys_perm` VALUES(1719368093769142296,1719368093748170752,'详情','/admin/app/definitionIndexModelFieldRelation/view',8,1326769583993917440,CURDATE(),1326769583993917440,CURDATE(),1);
INSERT INTO `sdt_sys_perm` VALUES(1719368093769142298,1719368093748170752,'打印','/admin/app/definitionIndexModelFieldRelation/print',9,1326769583993917440,CURDATE(),1326769583993917440,CURDATE(),1);
INSERT INTO `sdt_sys_perm` VALUES(1719987882669641728,1719987882657058816,'新增','/admin/app/devAiChatDialogue/add',1,1326769583993917440,CURDATE(),1326769583993917440,CURDATE(),1);
INSERT INTO `sdt_sys_perm` VALUES(1719987882669641741,1719987882657058816,'编辑','/admin/app/devAiChatDialogue/update',2,1326769583993917440,CURDATE(),1326769583993917440,CURDATE(),1);
INSERT INTO `sdt_sys_perm` VALUES(1719987882669641755,1719987882657058816,'删除','/admin/app/devAiChatDialogue/delete',3,1326769583993917440,CURDATE(),1326769583993917440,CURDATE(),1);
INSERT INTO `sdt_sys_perm` VALUES(1719987882669641757,1719987882657058816,'导入','/admin/app/devAiChatDialogue/import',4,1326769583993917440,CURDATE(),1326769583993917440,CURDATE(),1);
INSERT INTO `sdt_sys_perm` VALUES(1719987882669641758,1719987882657058816,'批量删除','/admin/app/devAiChatDialogue/deleteBatch',5,1326769583993917440,CURDATE(),1326769583993917440,CURDATE(),1);
INSERT INTO `sdt_sys_perm` VALUES(1719987882678030336,1719987882657058816,'显示列表','/admin/app/devAiChatDialogue/list',6,1326769583993917440,CURDATE(),1326769583993917440,CURDATE(),1);
INSERT INTO `sdt_sys_perm` VALUES(1719987882678030350,1719987882657058816,'导出','/admin/app/devAiChatDialogue/export',7,1326769583993917440,CURDATE(),1326769583993917440,CURDATE(),1);
INSERT INTO `sdt_sys_perm` VALUES(1719987882678030364,1719987882657058816,'详情','/admin/app/devAiChatDialogue/view',8,1326769583993917440,CURDATE(),1326769583993917440,CURDATE(),1);
INSERT INTO `sdt_sys_perm` VALUES(1719987882678030366,1719987882657058816,'打印','/admin/app/devAiChatDialogue/print',9,1326769583993917440,CURDATE(),1326769583993917440,CURDATE(),1);
INSERT INTO `sdt_sys_perm` VALUES(1455562837739966723,1455562837739966722,'新增','/admin/upms/sysRole/add',1,1326769583993917440,CURDATE(),1326769583993917440,CURDATE(),1);
INSERT INTO `sdt_sys_perm` VALUES(1455562837739966724,1455562837739966722,'编辑','/admin/upms/sysRole/update',2,1326769583993917440,CURDATE(),1326769583993917440,CURDATE(),1);
INSERT INTO `sdt_sys_perm` VALUES(1455562837739966725,1455562837739966722,'删除','/admin/upms/sysRole/delete',3,1326769583993917440,CURDATE(),1326769583993917440,CURDATE(),1);
INSERT INTO `sdt_sys_perm` VALUES(1455562837739966726,1455562837739966722,'显示列表','/admin/upms/sysRole/list',4,1326769583993917440,CURDATE(),1326769583993917440,CURDATE(),1);
INSERT INTO `sdt_sys_perm` VALUES(1455562837739966727,1455562837739966722,'详情','/admin/upms/sysRole/view',5,1326769583993917440,CURDATE(),1326769583993917440,CURDATE(),1);
INSERT INTO `sdt_sys_perm` VALUES(1455562837739966728,1455562837739966722,'授权用户','/admin/upms/sysRole/addUserRole',6,1326769583993917440,CURDATE(),1326769583993917440,CURDATE(),1);
INSERT INTO `sdt_sys_perm` VALUES(1455562837739966729,1455562837739966722,'移除用户','/admin/upms/sysRole/deleteUserRole',7,1326769583993917440,CURDATE(),1326769583993917440,CURDATE(),1);
INSERT INTO `sdt_sys_perm` VALUES(1455562837739966730,1455562837739966722,'角色用户列表','/admin/upms/sysRole/listUserRole',8,1326769583993917440,CURDATE(),1326769583993917440,CURDATE(),1);
INSERT INTO `sdt_sys_perm` VALUES(1455562837739966731,1455562837739966722,'角色未添加用户列表','/admin/upms/sysRole/listNotInUserRole',9,1326769583993917440,CURDATE(),1326769583993917440,CURDATE(),1);
INSERT INTO `sdt_sys_perm` VALUES(1455562837739966732,1455562837739966722,'角色权限资源分配详情','/admin/upms/sysRole/listSysPermWithDetail',10,1326769583993917440,CURDATE(),1326769583993917440,CURDATE(),1);
INSERT INTO `sdt_sys_perm` VALUES(1455562837739966733,1455562837739966722,'角色权限字分配详情','/admin/upms/sysRole/listSysPermCodeWithDetail',11,1326769583993917440,CURDATE(),1326769583993917440,CURDATE(),1);
INSERT INTO `sdt_sys_perm` VALUES(1586348496380760185,1586348496380760184,'新增','/admin/upms/sysDataPerm/add',1,1326769583993917440,CURDATE(),1326769583993917440,CURDATE(),1);
INSERT INTO `sdt_sys_perm` VALUES(1586348496380760186,1586348496380760184,'编辑','/admin/upms/sysDataPerm/update',2,1326769583993917440,CURDATE(),1326769583993917440,CURDATE(),1);
INSERT INTO `sdt_sys_perm` VALUES(1586348496380760187,1586348496380760184,'删除','/admin/upms/sysDataPerm/delete',3,1326769583993917440,CURDATE(),1326769583993917440,CURDATE(),1);
INSERT INTO `sdt_sys_perm` VALUES(1586348496380760188,1586348496380760184,'显示列表','/admin/upms/sysDataPerm/list',4,1326769583993917440,CURDATE(),1326769583993917440,CURDATE(),1);
INSERT INTO `sdt_sys_perm` VALUES(1586348496380760189,1586348496380760184,'详情','/admin/upms/sysDataPerm/view',5,1326769583993917440,CURDATE(),1326769583993917440,CURDATE(),1);
INSERT INTO `sdt_sys_perm` VALUES(1586348496380760190,1586348496380760184,'授权用户','/admin/upms/sysDataPerm/addDataPermUser',5,1326769583993917440,CURDATE(),1326769583993917440,CURDATE(),1);
INSERT INTO `sdt_sys_perm` VALUES(1586348496380760191,1586348496380760184,'移除用户','/admin/upms/sysDataPerm/deleteDataPermUser',6,1326769583993917440,CURDATE(),1326769583993917440,CURDATE(),1);
INSERT INTO `sdt_sys_perm` VALUES(1586348496380760192,1586348496380760184,'数据权限用户列表','/admin/upms/sysDataPerm/listDataPermUser',7,1326769583993917440,CURDATE(),1326769583993917440,CURDATE(),1);
INSERT INTO `sdt_sys_perm` VALUES(1586348496380760193,1586348496380760184,'数据权限未添加用户列表','/admin/upms/sysDataPerm/listNotInDataPermUser',8,1326769583993917440,CURDATE(),1326769583993917440,CURDATE(),1);
INSERT INTO `sdt_sys_perm` VALUES(1586348496380760195,1586348496380760194,'新增','/admin/upms/sysPost/add',1,1326769583993917440,CURDATE(),1326769583993917440,CURDATE(),1);
INSERT INTO `sdt_sys_perm` VALUES(1586348496380760196,1586348496380760194,'编辑','/admin/upms/sysPost/update',2,1326769583993917440,CURDATE(),1326769583993917440,CURDATE(),1);
INSERT INTO `sdt_sys_perm` VALUES(1586348496380760197,1586348496380760194,'删除','/admin/upms/sysPost/delete',3,1326769583993917440,CURDATE(),1326769583993917440,CURDATE(),1);
INSERT INTO `sdt_sys_perm` VALUES(1586348496380760198,1586348496380760194,'显示列表','/admin/upms/sysPost/list',4,1326769583993917440,CURDATE(),1326769583993917440,CURDATE(),1);
INSERT INTO `sdt_sys_perm` VALUES(1586348496380760199,1586348496380760194,'详情','/admin/upms/sysPost/view',5,1326769583993917440,CURDATE(),1326769583993917440,CURDATE(),1);
INSERT INTO `sdt_sys_perm` VALUES(1455562837739966735,1455562837739966734,'新增','/admin/upms/sysMenu/add',1,1326769583993917440,CURDATE(),1326769583993917440,CURDATE(),1);
INSERT INTO `sdt_sys_perm` VALUES(1455562837739966736,1455562837739966734,'删除','/admin/upms/sysMenu/delete',2,1326769583993917440,CURDATE(),1326769583993917440,CURDATE(),1);
INSERT INTO `sdt_sys_perm` VALUES(1455562837739966737,1455562837739966734,'编辑','/admin/upms/sysMenu/update',3,1326769583993917440,CURDATE(),1326769583993917440,CURDATE(),1);
INSERT INTO `sdt_sys_perm` VALUES(1455562837739966738,1455562837739966734,'显示列表','/admin/upms/sysMenu/list',4,1326769583993917440,CURDATE(),1326769583993917440,CURDATE(),1);
INSERT INTO `sdt_sys_perm` VALUES(1455562837739966739,1455562837739966734,'详情','/admin/upms/sysMenu/view',5,1326769583993917440,CURDATE(),1326769583993917440,CURDATE(),1);
INSERT INTO `sdt_sys_perm` VALUES(1455562837739966740,1455562837739966734,'菜单权限资源分配详情','/admin/upms/sysMenu/listSysPermWithDetail',6,1326769583993917440,CURDATE(),1326769583993917440,CURDATE(),1);
INSERT INTO `sdt_sys_perm` VALUES(1455562837739966741,1455562837739966734,'菜单用户分配详情','/admin/upms/sysMenu/listSysUserWithDetail',7,1326769583993917440,CURDATE(),1326769583993917440,CURDATE(),1);
INSERT INTO `sdt_sys_perm` VALUES(1455562837739966743,1455562837739966742,'新增','/admin/upms/sysPermCode/add',1,1326769583993917440,CURDATE(),1326769583993917440,CURDATE(),1);
INSERT INTO `sdt_sys_perm` VALUES(1455562837739966744,1455562837739966742,'编辑','/admin/upms/sysPermCode/update',2,1326769583993917440,CURDATE(),1326769583993917440,CURDATE(),1);
INSERT INTO `sdt_sys_perm` VALUES(1455562837739966745,1455562837739966742,'删除','/admin/upms/sysPermCode/delete',3,1326769583993917440,CURDATE(),1326769583993917440,CURDATE(),1);
INSERT INTO `sdt_sys_perm` VALUES(1455562837739966746,1455562837739966742,'显示列表','/admin/upms/sysPermCode/list',4,1326769583993917440,CURDATE(),1326769583993917440,CURDATE(),1);
INSERT INTO `sdt_sys_perm` VALUES(1455562837739966747,1455562837739966742,'详情','/admin/upms/sysPermCode/view',5,1326769583993917440,CURDATE(),1326769583993917440,CURDATE(),1);
INSERT INTO `sdt_sys_perm` VALUES(1455562837739966748,1455562837739966742,'权限字用户分配详情','/admin/upms/sysPermCode/listSysUserWithDetail',6,1326769583993917440,CURDATE(),1326769583993917440,CURDATE(),1);
INSERT INTO `sdt_sys_perm` VALUES(1455562837739966749,1455562837739966742,'权限字角色分配详情','/admin/upms/sysPermCode/listSysRoleWithDetail',7,1326769583993917440,CURDATE(),1326769583993917440,CURDATE(),1);
INSERT INTO `sdt_sys_perm` VALUES(1455562837739966751,1455562837739966750,'新增','/admin/upms/sysPermModule/add',1,1326769583993917440,CURDATE(),1326769583993917440,CURDATE(),1);
INSERT INTO `sdt_sys_perm` VALUES(1455562837739966752,1455562837739966750,'编辑','/admin/upms/sysPermModule/update',2,1326769583993917440,CURDATE(),1326769583993917440,CURDATE(),1);
INSERT INTO `sdt_sys_perm` VALUES(1455562837739966753,1455562837739966750,'删除','/admin/upms/sysPermModule/delete',3,1326769583993917440,CURDATE(),1326769583993917440,CURDATE(),1);
INSERT INTO `sdt_sys_perm` VALUES(1455562837739966754,1455562837739966750,'显示列表','/admin/upms/sysPermModule/list',4,1326769583993917440,CURDATE(),1326769583993917440,CURDATE(),1);
INSERT INTO `sdt_sys_perm` VALUES(1455562837739966755,1455562837739966750,'显示全部','/admin/upms/sysPermModule/listAll',5,1326769583993917440,CURDATE(),1326769583993917440,CURDATE(),1);
INSERT INTO `sdt_sys_perm` VALUES(1455562837739966757,1455562837739966756,'新增','/admin/upms/sysPerm/add',1,1326769583993917440,CURDATE(),1326769583993917440,CURDATE(),1);
INSERT INTO `sdt_sys_perm` VALUES(1455562837739966758,1455562837739966756,'编辑','/admin/upms/sysPerm/update',2,1326769583993917440,CURDATE(),1326769583993917440,CURDATE(),1);
INSERT INTO `sdt_sys_perm` VALUES(1455562837739966759,1455562837739966756,'删除','/admin/upms/sysPerm/delete',3,1326769583993917440,CURDATE(),1326769583993917440,CURDATE(),1);
INSERT INTO `sdt_sys_perm` VALUES(1455562837739966760,1455562837739966756,'显示列表','/admin/upms/sysPerm/list',4,1326769583993917440,CURDATE(),1326769583993917440,CURDATE(),1);
INSERT INTO `sdt_sys_perm` VALUES(1455562837739966761,1455562837739966756,'详情','/admin/upms/sysPerm/view',5,1326769583993917440,CURDATE(),1326769583993917440,CURDATE(),1);
INSERT INTO `sdt_sys_perm` VALUES(1455562837739966762,1455562837739966756,'权限资源用户分配详情','/admin/upms/sysPerm/listSysUserWithDetail',6,1326769583993917440,CURDATE(),1326769583993917440,CURDATE(),1);
INSERT INTO `sdt_sys_perm` VALUES(1455562837739966763,1455562837739966756,'权限资源角色分配详情','/admin/upms/sysPerm/listSysRoleWithDetail',7,1326769583993917440,CURDATE(),1326769583993917440,CURDATE(),1);
INSERT INTO `sdt_sys_perm` VALUES(1455562837739966764,1455562837739966756,'权限资源菜单分配详情','/admin/upms/sysPerm/listSysMenuWithDetail',8,1326769583993917440,CURDATE(),1326769583993917440,CURDATE(),1);
INSERT INTO `sdt_sys_perm` VALUES(1524093415359254814,1524093415359254813,'新增编码字典','/admin/upms/globalDict/add',1,1326769583993917440,CURDATE(),1326769583993917440,CURDATE(),1);
INSERT INTO `sdt_sys_perm` VALUES(1524093415359254815,1524093415359254813,'编辑编码字典','/admin/upms/globalDict/update',2,1326769583993917440,CURDATE(),1326769583993917440,CURDATE(),1);
INSERT INTO `sdt_sys_perm` VALUES(1524093415359254816,1524093415359254813,'删除编码字典','/admin/upms/globalDict/delete',3,1326769583993917440,CURDATE(),1326769583993917440,CURDATE(),1);
INSERT INTO `sdt_sys_perm` VALUES(1524093415359254817,1524093415359254813,'编码字典列表','/admin/upms/globalDict/list',4,1326769583993917440,CURDATE(),1326769583993917440,CURDATE(),1);
INSERT INTO `sdt_sys_perm` VALUES(1524093415359254818,1524093415359254813,'新增编码字典数据','/admin/upms/globalDict/addItem',5,1326769583993917440,CURDATE(),1326769583993917440,CURDATE(),1);
INSERT INTO `sdt_sys_perm` VALUES(1524093415359254819,1524093415359254813,'编辑编码字典数据','/admin/upms/globalDict/updateItem',6,1326769583993917440,CURDATE(),1326769583993917440,CURDATE(),1);
INSERT INTO `sdt_sys_perm` VALUES(1524093415359254820,1524093415359254813,'编辑编码字典数据状态','/admin/upms/globalDict/updateItemStatus',7,1326769583993917440,CURDATE(),1326769583993917440,CURDATE(),1);
INSERT INTO `sdt_sys_perm` VALUES(1524093415359254821,1524093415359254813,'删除编码字典数据','/admin/upms/globalDict/deleteItem',8,1326769583993917440,CURDATE(),1326769583993917440,CURDATE(),1);
INSERT INTO `sdt_sys_perm` VALUES(1524093415359254822,1524093415359254813,'编码字典数据同步缓存','/admin/upms/globalDict/reloadCachedData',9,1326769583993917440,CURDATE(),1326769583993917440,CURDATE(),1);
INSERT INTO `sdt_sys_perm` VALUES(1455562837739966767,1455562837739966766,'显示列表','/admin/upms/sysOperationLog/list',1,1326769583993917440,CURDATE(),1326769583993917440,CURDATE(),1);
INSERT INTO `sdt_sys_perm` VALUES(1455562837739966769,1455562837739966768,'显示列表','/admin/upms/loginUser/list',1,1326769583993917440,CURDATE(),1326769583993917440,CURDATE(),1);
INSERT INTO `sdt_sys_perm` VALUES(1455562837739966770,1455562837739966768,'删除','/admin/upms/loginUser/delete',1,1326769583993917440,CURDATE(),1326769583993917440,CURDATE(),1);
COMMIT;

-- ----------------------------
-- 全部权限字和权限资源关系数据
-- ----------------------------
BEGIN;
INSERT INTO `sdt_sys_perm_code_perm` VALUES(1455562837739966780,1326769584216215552);
INSERT INTO `sdt_sys_perm_code_perm` VALUES(1455562837739966780,1326769584216215557);
INSERT INTO `sdt_sys_perm_code_perm` VALUES(1455562837739966781,1326769584195244032);
INSERT INTO `sdt_sys_perm_code_perm` VALUES(1455562837739966781,1326943267958296576);
INSERT INTO `sdt_sys_perm_code_perm` VALUES(1455562837739966781,1586348496380760188);
INSERT INTO `sdt_sys_perm_code_perm` VALUES(1455562837739966781,1455562837739966726);
INSERT INTO `sdt_sys_perm_code_perm` VALUES(1455562837739966782,1326769584216215562);
INSERT INTO `sdt_sys_perm_code_perm` VALUES(1455562837739966782,1326769584199438344);
INSERT INTO `sdt_sys_perm_code_perm` VALUES(1455562837739966782,1326769584216215564);
INSERT INTO `sdt_sys_perm_code_perm` VALUES(1455562837739966782,1326943267958296576);
INSERT INTO `sdt_sys_perm_code_perm` VALUES(1455562837739966782,1586348496380760188);
INSERT INTO `sdt_sys_perm_code_perm` VALUES(1455562837739966782,1455562837739966726);
INSERT INTO `sdt_sys_perm_code_perm` VALUES(1455562837739966783,1326769584199438357);
INSERT INTO `sdt_sys_perm_code_perm` VALUES(1455562837739966784,1326769584228798464);
INSERT INTO `sdt_sys_perm_code_perm` VALUES(1455562837739966785,1455562837735772179);
INSERT INTO `sdt_sys_perm_code_perm` VALUES(1455562837739966785,1455562837735772178);
INSERT INTO `sdt_sys_perm_code_perm` VALUES(1455562837739966785,1455562837735772177);
INSERT INTO `sdt_sys_perm_code_perm` VALUES(1455562837739966798,1455562837739966726);
INSERT INTO `sdt_sys_perm_code_perm` VALUES(1455562837739966800,1455562837739966723);
INSERT INTO `sdt_sys_perm_code_perm` VALUES(1455562837739966800,1455562837739966738);
INSERT INTO `sdt_sys_perm_code_perm` VALUES(1455562837739966801,1455562837739966727);
INSERT INTO `sdt_sys_perm_code_perm` VALUES(1455562837739966801,1455562837739966724);
INSERT INTO `sdt_sys_perm_code_perm` VALUES(1455562837739966801,1455562837739966738);
INSERT INTO `sdt_sys_perm_code_perm` VALUES(1455562837739966803,1455562837739966733);
INSERT INTO `sdt_sys_perm_code_perm` VALUES(1455562837739966803,1455562837739966732);
INSERT INTO `sdt_sys_perm_code_perm` VALUES(1455562837739966802,1455562837739966725);
INSERT INTO `sdt_sys_perm_code_perm` VALUES(1455562837739966799,1455562837739966730);
INSERT INTO `sdt_sys_perm_code_perm` VALUES(1455562837739966804,1455562837739966728);
INSERT INTO `sdt_sys_perm_code_perm` VALUES(1455562837739966804,1455562837739966731);
INSERT INTO `sdt_sys_perm_code_perm` VALUES(1455562837739966805,1455562837739966729);
INSERT INTO `sdt_sys_perm_code_perm` VALUES(1455562837744160775,1455562837739966738);
INSERT INTO `sdt_sys_perm_code_perm` VALUES(1455562837744160776,1455562837739966735);
INSERT INTO `sdt_sys_perm_code_perm` VALUES(1455562837744160776,1455562837739966746);
INSERT INTO `sdt_sys_perm_code_perm` VALUES(1455562837744160777,1455562837739966739);
INSERT INTO `sdt_sys_perm_code_perm` VALUES(1455562837744160777,1455562837739966737);
INSERT INTO `sdt_sys_perm_code_perm` VALUES(1455562837744160778,1455562837739966736);
INSERT INTO `sdt_sys_perm_code_perm` VALUES(1455562837744160777,1455562837739966746);
INSERT INTO `sdt_sys_perm_code_perm` VALUES(1455562837744160779,1455562837739966740);
INSERT INTO `sdt_sys_perm_code_perm` VALUES(1455562837744160779,1455562837739966741);
INSERT INTO `sdt_sys_perm_code_perm` VALUES(1455562837744160787,1455562837739966746);
INSERT INTO `sdt_sys_perm_code_perm` VALUES(1455562837744160788,1455562837739966743);
INSERT INTO `sdt_sys_perm_code_perm` VALUES(1455562837744160788,1455562837739966755);
INSERT INTO `sdt_sys_perm_code_perm` VALUES(1455562837744160789,1455562837739966747);
INSERT INTO `sdt_sys_perm_code_perm` VALUES(1455562837744160789,1455562837739966744);
INSERT INTO `sdt_sys_perm_code_perm` VALUES(1455562837744160789,1455562837739966755);
INSERT INTO `sdt_sys_perm_code_perm` VALUES(1455562837744160790,1455562837739966745);
INSERT INTO `sdt_sys_perm_code_perm` VALUES(1455562837744160791,1455562837739966748);
INSERT INTO `sdt_sys_perm_code_perm` VALUES(1455562837744160791,1455562837739966749);
INSERT INTO `sdt_sys_perm_code_perm` VALUES(1455562837744160802,1455562837739966754);
INSERT INTO `sdt_sys_perm_code_perm` VALUES(1455562837744160802,1455562837739966755);
INSERT INTO `sdt_sys_perm_code_perm` VALUES(1455562837744160802,1455562837739966760);
INSERT INTO `sdt_sys_perm_code_perm` VALUES(1455562837744160803,1455562837739966751);
INSERT INTO `sdt_sys_perm_code_perm` VALUES(1455562837744160804,1455562837739966752);
INSERT INTO `sdt_sys_perm_code_perm` VALUES(1455562837744160805,1455562837739966753);
INSERT INTO `sdt_sys_perm_code_perm` VALUES(1455562837744160806,1455562837739966757);
INSERT INTO `sdt_sys_perm_code_perm` VALUES(1455562837744160807,1455562837739966761);
INSERT INTO `sdt_sys_perm_code_perm` VALUES(1455562837744160807,1455562837739966758);
INSERT INTO `sdt_sys_perm_code_perm` VALUES(1455562837744160808,1455562837739966759);
INSERT INTO `sdt_sys_perm_code_perm` VALUES(1455562837744160809,1455562837739966762);
INSERT INTO `sdt_sys_perm_code_perm` VALUES(1455562837744160809,1455562837739966763);
INSERT INTO `sdt_sys_perm_code_perm` VALUES(1455562837744160809,1455562837739966764);
INSERT INTO `sdt_sys_perm_code_perm` VALUES(1455562837744160817,1524093415359254814);
INSERT INTO `sdt_sys_perm_code_perm` VALUES(1455562837744160817,1524093415359254815);
INSERT INTO `sdt_sys_perm_code_perm` VALUES(1455562837744160817,1524093415359254816);
INSERT INTO `sdt_sys_perm_code_perm` VALUES(1455562837744160817,1524093415359254817);
INSERT INTO `sdt_sys_perm_code_perm` VALUES(1455562837744160817,1524093415359254818);
INSERT INTO `sdt_sys_perm_code_perm` VALUES(1455562837744160817,1524093415359254819);
INSERT INTO `sdt_sys_perm_code_perm` VALUES(1455562837744160817,1524093415359254820);
INSERT INTO `sdt_sys_perm_code_perm` VALUES(1455562837744160817,1524093415359254821);
INSERT INTO `sdt_sys_perm_code_perm` VALUES(1455562837744160817,1524093415359254822);
INSERT INTO `sdt_sys_perm_code_perm` VALUES(1455562837744160829,1326943267958296576);
INSERT INTO `sdt_sys_perm_code_perm` VALUES(1455562837744160829,1326943267958296579);
INSERT INTO `sdt_sys_perm_code_perm` VALUES(1455562837744160830,1326943267945713664);
INSERT INTO `sdt_sys_perm_code_perm` VALUES(1455562837744160831,1326943267958296582);
INSERT INTO `sdt_sys_perm_code_perm` VALUES(1455562837744160831,1326943267945713673);
INSERT INTO `sdt_sys_perm_code_perm` VALUES(1455562837744160831,1326943267958296584);
INSERT INTO `sdt_sys_perm_code_perm` VALUES(1455562837744160832,1326943267945713683);
INSERT INTO `sdt_sys_perm_code_perm` VALUES(1586348496418508813,1586348496376565786);
INSERT INTO `sdt_sys_perm_code_perm` VALUES(1586348496418508813,1586348496380760066);
INSERT INTO `sdt_sys_perm_code_perm` VALUES(1586348496418508813,1586348496376565787);
INSERT INTO `sdt_sys_perm_code_perm` VALUES(1586348496418508813,1586348496380760064);
INSERT INTO `sdt_sys_perm_code_perm` VALUES(1586348496418508813,1586348496380760065);
INSERT INTO `sdt_sys_perm_code_perm` VALUES(1586348496418508813,1586348496380760067);
INSERT INTO `sdt_sys_perm_code_perm` VALUES(1586348496418508814,1586348496380760065);
INSERT INTO `sdt_sys_perm_code_perm` VALUES(1586348496418508814,1586348496380760067);
INSERT INTO `sdt_sys_perm_code_perm` VALUES(1455562837744160857,1455562837739966767);
INSERT INTO `sdt_sys_perm_code_perm` VALUES(1455562837752549380,1455562837739966769);
INSERT INTO `sdt_sys_perm_code_perm` VALUES(1455562837752549381,1455562837739966770);
INSERT INTO `sdt_sys_perm_code_perm` VALUES(1586348496422703123,1586348496380760188);
INSERT INTO `sdt_sys_perm_code_perm` VALUES(1586348496422703125,1586348496380760185);
INSERT INTO `sdt_sys_perm_code_perm` VALUES(1586348496422703126,1586348496380760189);
INSERT INTO `sdt_sys_perm_code_perm` VALUES(1586348496422703126,1586348496380760186);
INSERT INTO `sdt_sys_perm_code_perm` VALUES(1586348496422703127,1586348496380760187);
INSERT INTO `sdt_sys_perm_code_perm` VALUES(1586348496422703124,1586348496380760192);
INSERT INTO `sdt_sys_perm_code_perm` VALUES(1586348496426897408,1586348496380760190);
INSERT INTO `sdt_sys_perm_code_perm` VALUES(1586348496426897408,1586348496380760193);
INSERT INTO `sdt_sys_perm_code_perm` VALUES(1586348496426897409,1586348496380760191);
INSERT INTO `sdt_sys_perm_code_perm` VALUES(1586348496426897417,1586348496380760198);
INSERT INTO `sdt_sys_perm_code_perm` VALUES(1586348496426897418,1586348496380760195);
INSERT INTO `sdt_sys_perm_code_perm` VALUES(1586348496426897419,1586348496380760199);
INSERT INTO `sdt_sys_perm_code_perm` VALUES(1586348496426897419,1586348496380760196);
INSERT INTO `sdt_sys_perm_code_perm` VALUES(1586348496426897420,1586348496380760197);
COMMIT;

-- ----------------------------
-- 全部白名单权限资源数据
-- ----------------------------
BEGIN;
INSERT INTO `sdt_sys_perm_whitelist` VALUES ('/admin/upms/login/getLoginInfo','登录模块','获取登录信息');
INSERT INTO `sdt_sys_perm_whitelist` VALUES ('/admin/upms/sysRole/listDict','系统管理','角色字典接口');
INSERT INTO `sdt_sys_perm_whitelist` VALUES ('/admin/upms/sysRole/listDictByIds','系统管理','角色字典接口');
INSERT INTO `sdt_sys_perm_whitelist` VALUES ('/admin/upms/sysUser/list','系统管理','用户列表接口');
INSERT INTO `sdt_sys_perm_whitelist` VALUES ('/admin/upms/sysMenu/listMenuDict','系统管理','菜单字典接口');
INSERT INTO `sdt_sys_perm_whitelist` VALUES ('/admin/upms/sysPost/listDict','系统管理','岗位字典接口');
INSERT INTO `sdt_sys_perm_whitelist` VALUES ('/admin/upms/sysPost/listDictByIds','系统管理','岗位字典接口');
INSERT INTO `sdt_sys_perm_whitelist` VALUES ('/admin/upms/sysPost/list','系统管理','岗位列表');
INSERT INTO `sdt_sys_perm_whitelist` VALUES ('/admin/upms/sysDept/listSysDeptPostWithRelation','系统管理','部门岗位关联列表');
INSERT INTO `sdt_sys_perm_whitelist` VALUES ('/admin/upms/sysDept/listAllChildDeptIdByParentIds','系统管理','获取部门的全部下级部门Id列表');
INSERT INTO `sdt_sys_perm_whitelist` VALUES ('/admin/upms/globalDict/listDict','字典管理','全局编码字典列表');
INSERT INTO `sdt_sys_perm_whitelist` VALUES ('/admin/upms/globalDict/listDictByIds','字典管理','全局编码字典列表');
INSERT INTO `sdt_sys_perm_whitelist` VALUES ('/admin/upms/globalDict/listAll','字典管理','全局编码字典列表');
INSERT INTO `sdt_sys_perm_whitelist` VALUES ('/admin/upms/sysUser/listDict','用户管理','用户字典字典列表');
INSERT INTO `sdt_sys_perm_whitelist` VALUES ('/admin/upms/sysUser/listDictByIds','用户管理','用户字典字典批量Id列表');
INSERT INTO `sdt_sys_perm_whitelist` VALUES ('/admin/upms/sysDept/listDict','部门管理','部门字典字典列表');
INSERT INTO `sdt_sys_perm_whitelist` VALUES ('/admin/upms/sysDept/listDictByIds','部门管理','部门字典字典批量Id列表');
INSERT INTO `sdt_sys_perm_whitelist` VALUES ('/admin/upms/sysDept/listDictByParentId','部门管理','部门字典下一级字典列表');
INSERT INTO `sdt_sys_perm_whitelist` VALUES ('/admin/upms/login/doLogout','登录模块','退出登陆');
INSERT INTO `sdt_sys_perm_whitelist` VALUES ('/admin/upms/login/changePassword','系统管理','修改密码');
INSERT INTO `sdt_sys_perm_whitelist` VALUES ('/admin/upms/login/changeHeadImage','系统管理','修改头像');
INSERT INTO `sdt_sys_perm_whitelist` VALUES ('/admin/upms/login/downloadHeadImage','系统管理','下载头像');
INSERT INTO `sdt_sys_perm_whitelist` VALUES ('/admin/app/areaCode/listDict','行政区划','行政区划列表');
INSERT INTO `sdt_sys_perm_whitelist` VALUES ('/admin/app/areaCode/listDictByIds','行政区划','行政区划批量Id列表');
INSERT INTO `sdt_sys_perm_whitelist` VALUES ('/admin/app/areaCode/listDictByParentId','行政区划','行政区划过滤列表');

-- ----------------------------
-- 以下记录用于通用扩展，这里的注释，是为了便于老用户进行手动数据补偿。
-- ----------------------------
INSERT INTO `sdt_sys_perm_whitelist` VALUES ('/admin/commonext/bizwidget/list','通用扩展','高级业务组件列表数据');
INSERT INTO `sdt_sys_perm_whitelist` VALUES ('/admin/commonext/bizwidget/view','通用扩展','高级业务组件详情数据');

COMMIT;

SET FOREIGN_KEY_CHECKS = 1;
